h2_p,N_causal_SNPs,vr,freq_r,k,N_samples,power,penetrance,mean_prs_cases,h2_poly_est
0.1,100,0.01,0.005,0.02,1000,0.03,0.13766704147,0.22788657265,0.0989248817
0.1,100,0.01,0.005,0.02,2000,0.03,0.13298519658,0.23292757649,0.09920932156
0.1,100,0.01,0.005,0.02,3000,0.05,0.13142533359,0.23376049394,0.09916512761
0.1,100,0.01,0.005,0.02,5000,0.08,0.13417957789,0.23778442866,0.09926895689
0.1,100,0.01,0.005,0.02,10000,0.14,0.13492854882,0.23769107552,0.09915308573
0.1,100,0.01,0.005,0.05,1000,0.06,0.23465991117,0.20259659764,0.0989248817
0.1,100,0.01,0.005,0.05,2000,0.04,0.2410835923,0.20398835141,0.09920932156
0.1,100,0.01,0.005,0.05,3000,0.09,0.24553098697,0.20516712039,0.09916512761
0.1,100,0.01,0.005,0.05,5000,0.14,0.2448527425,0.20328076293,0.09926895689
0.1,100,0.01,0.005,0.05,10000,0.23,0.24576374638,0.2039912367,0.09915308573
0.1,100,0.01,0.005,0.1,1000,0.07,0.34909050345,0.17180654151,0.0989248817
0.1,100,0.01,0.005,0.1,2000,0.11,0.36694936228,0.17447980417,0.09920932156
0.1,100,0.01,0.005,0.1,3000,0.12,0.37371039746,0.17313398802,0.09916512761
0.1,100,0.01,0.005,0.1,5000,0.15,0.378890181,0.17353738853,0.09926895689
0.1,100,0.01,0.005,0.1,10000,0.36,0.37753992208,0.17434416764,0.09915308573
0.1,100,0.01,0.01,0.02,1000,0.03,0.08910756666,0.233960614,0.0989248817
0.1,100,0.01,0.01,0.02,2000,0.02,0.08283058787,0.23750227143,0.09920932156
0.1,100,0.01,0.01,0.02,3000,0.06,0.08406888945,0.2355910459,0.09916512761
0.1,100,0.01,0.01,0.02,5000,0.06,0.08812217769,0.23860578105,0.09926895689
0.1,100,0.01,0.01,0.02,10000,0.08,0.08809179713,0.23850183012,0.09915308573
0.1,100,0.01,0.01,0.05,1000,0.05,0.17119332309,0.2035491117,0.0989248817
0.1,100,0.01,0.01,0.05,2000,0.07,0.16304688533,0.2050713604,0.09920932156
0.1,100,0.01,0.01,0.05,3000,0.12,0.16301134361,0.20468936894,0.09916512761
0.1,100,0.01,0.01,0.05,5000,0.15,0.17040214212,0.20332860449,0.09926895689
0.1,100,0.01,0.01,0.05,10000,0.15,0.17062082737,0.20418768219,0.09915308573
0.1,100,0.01,0.01,0.1,1000,0.06,0.26482749777,0.17166632097,0.0989248817
0.1,100,0.01,0.01,0.1,2000,0.09,0.26903111917,0.17479065314,0.09920932156
0.1,100,0.01,0.01,0.1,3000,0.1,0.27076726591,0.17316765987,0.09916512761
0.1,100,0.01,0.01,0.1,5000,0.17,0.28053596475,0.17312964985,0.09926895689
0.1,100,0.01,0.01,0.1,10000,0.27,0.27855101293,0.17402238262,0.09915308573
0.1,100,0.01,0.02,0.02,1000,0.02,0.05989704266,0.23065326892,0.0989248817
0.1,100,0.01,0.02,0.02,2000,0.04,0.0591433735,0.2336770816,0.09920932156
0.1,100,0.01,0.02,0.02,3000,0.09,0.06067110834,0.23489413532,0.09916512761
0.1,100,0.01,0.02,0.02,5000,0.07,0.0579697631,0.23889414069,0.09926895689
0.1,100,0.01,0.02,0.02,10000,0.11,0.05839418927,0.23898815183,0.09915308573
0.1,100,0.01,0.02,0.05,1000,0.04,0.12646057766,0.20437357038,0.0989248817
0.1,100,0.01,0.02,0.05,2000,0.09,0.12454696707,0.20474332617,0.09920932156
0.1,100,0.01,0.02,0.05,3000,0.16,0.12726348077,0.20471397524,0.09916512761
0.1,100,0.01,0.02,0.05,5000,0.14,0.12489879844,0.20325521686,0.09926895689
0.1,100,0.01,0.02,0.05,10000,0.13,0.12645105,0.20442091974,0.09915308573
0.1,100,0.01,0.02,0.1,1000,0.06,0.21080882013,0.17306488236,0.0989248817
0.1,100,0.01,0.02,0.1,2000,0.1,0.21757802049,0.17467294193,0.09920932156
0.1,100,0.01,0.02,0.1,3000,0.18,0.21924871898,0.17359882267,0.09916512761
0.1,100,0.01,0.02,0.1,5000,0.14,0.21647814861,0.17354600884,0.09926895689
0.1,100,0.01,0.02,0.1,10000,0.18,0.21632883534,0.17460421293,0.09915308573
0.1,100,0.02,0.005,0.02,1000,0.07,0.23346925462,0.22066749552,0.0989248817
0.1,100,0.02,0.005,0.02,2000,0.1,0.2369916602,0.22717388385,0.09920932156
0.1,100,0.02,0.005,0.02,3000,0.11,0.2415234317,0.22876915555,0.09916512761
0.1,100,0.02,0.005,0.02,5000,0.19,0.23922699305,0.23267528153,0.09926895689
0.1,100,0.02,0.005,0.02,10000,0.44,0.24092688756,0.23230627276,0.09915308573
0.1,100,0.02,0.005,0.05,1000,0.1,0.37484811244,0.20037554791,0.0989248817
0.1,100,0.02,0.005,0.05,2000,0.13,0.38342608619,0.20076599601,0.09920932156
0.1,100,0.02,0.005,0.05,3000,0.2,0.38704018646,0.20200316602,0.09916512761
0.1,100,0.02,0.005,0.05,5000,0.26,0.39064586699,0.20123368059,0.09926895689
0.1,100,0.02,0.005,0.05,10000,0.62,0.39331505654,0.20150507268,0.09915308573
0.1,100,0.02,0.005,0.1,1000,0.07,0.53343853081,0.17101316032,0.0989248817
0.1,100,0.02,0.005,0.1,2000,0.21,0.53700701886,0.17393980063,0.09920932156
0.1,100,0.02,0.005,0.1,3000,0.29,0.53541210264,0.1721100382,0.09916512761
0.1,100,0.02,0.005,0.1,5000,0.39,0.53759135968,0.17225792867,0.09926895689
0.1,100,0.02,0.005,0.1,10000,0.71,0.54063156092,0.17289859064,0.09915308573
0.1,100,0.02,0.01,0.02,1000,0.02,0.13843231624,0.23134957564,0.0989248817
0.1,100,0.02,0.01,0.02,2000,0.06,0.13290299855,0.23305631006,0.09920932156
0.1,100,0.02,0.01,0.02,3000,0.1,0.13321386416,0.23210243088,0.09916512761
0.1,100,0.02,0.01,0.02,5000,0.18,0.13993491907,0.23391933248,0.09926895689
0.1,100,0.02,0.01,0.02,10000,0.29,0.13989144503,0.23502532999,0.09915308573
0.1,100,0.02,0.01,0.05,1000,0.08,0.24545106126,0.20010850213,0.0989248817
0.1,100,0.02,0.01,0.05,2000,0.11,0.2442156043,0.20198114003,0.09920932156
0.1,100,0.02,0.01,0.05,3000,0.18,0.24397862057,0.20158591814,0.09916512761
0.1,100,0.02,0.01,0.05,5000,0.27,0.25195912344,0.20118184285,0.09926895689
0.1,100,0.02,0.01,0.05,10000,0.49,0.25176889145,0.20181033153,0.09915308573
0.1,100,0.02,0.01,0.1,1000,0.07,0.37485003158,0.17054860815,0.0989248817
0.1,100,0.02,0.01,0.1,2000,0.15,0.37792165894,0.17291638197,0.09920932156
0.1,100,0.02,0.01,0.1,3000,0.25,0.37687781579,0.17197329298,0.09916512761
0.1,100,0.02,0.01,0.1,5000,0.37,0.38519033178,0.17225661775,0.09926895689
0.1,100,0.02,0.01,0.1,10000,0.66,0.38428039217,0.1728495246,0.09915308573
0.1,100,0.02,0.02,0.02,1000,0.06,0.08533525678,0.22742820315,0.0989248817
0.1,100,0.02,0.02,0.02,2000,0.08,0.08600213078,0.23291755721,0.09920932156
0.1,100,0.02,0.02,0.02,3000,0.1,0.08698818339,0.23236848348,0.09916512761
0.1,100,0.02,0.02,0.02,5000,0.13,0.0847165772,0.23619521227,0.09926895689
0.1,100,0.02,0.02,0.02,10000,0.2,0.08591594222,0.23640912656,0.09915308573
0.1,100,0.02,0.02,0.05,1000,0.07,0.16494949699,0.20375082157,0.0989248817
0.1,100,0.02,0.02,0.05,2000,0.14,0.16843001031,0.20286586889,0.09920932156
0.1,100,0.02,0.02,0.05,3000,0.18,0.17175606168,0.20259807573,0.09916512761
0.1,100,0.02,0.02,0.05,5000,0.23,0.1693581026,0.20272796398,0.09926895689
0.1,100,0.02,0.02,0.05,10000,0.32,0.16967921766,0.20353175994,0.09915308573
0.1,100,0.02,0.02,0.1,1000,0.1,0.2715282522,0.17192505655,0.0989248817
0.1,100,0.02,0.02,0.1,2000,0.15,0.28040061846,0.17379215533,0.09920932156
0.1,100,0.02,0.02,0.1,3000,0.22,0.28069162565,0.17270711422,0.09916512761
0.1,100,0.02,0.02,0.1,5000,0.28,0.27977379456,0.17266679442,0.09926895689
0.1,100,0.02,0.02,0.1,10000,0.43,0.28120380665,0.17380242548,0.09915308573
0.1,100,0.03,0.005,0.02,1000,0.14,0.32728282666,0.21468131834,0.0989248817
0.1,100,0.03,0.005,0.02,2000,0.18,0.33884570967,0.22202249789,0.09920932156
0.1,100,0.03,0.005,0.02,3000,0.23,0.34347376962,0.22171067835,0.09916512761
0.1,100,0.03,0.005,0.02,5000,0.36,0.3449882954,0.22488268685,0.09926895689
0.1,100,0.03,0.005,0.02,10000,0.72,0.34763189027,0.22451860365,0.09915308573
0.1,100,0.03,0.005,0.05,1000,0.11,0.50358558903,0.19748937944,0.0989248817
0.1,100,0.03,0.005,0.05,2000,0.24,0.50521776128,0.19914199448,0.09920932156
0.1,100,0.03,0.005,0.05,3000,0.37,0.50816295968,0.19841833691,0.09916512761
0.1,100,0.03,0.005,0.05,5000,0.54,0.51371202158,0.19831307954,0.09926895689
0.1,100,0.03,0.005,0.05,10000,0.89,0.51656500227,0.19795673746,0.09915308573
0.1,100,0.03,0.005,0.1,1000,0.21,0.67184304716,0.16890985979,0.0989248817
0.1,100,0.03,0.005,0.1,2000,0.3,0.67853304849,0.17225304951,0.09920932156
0.1,100,0.03,0.005,0.1,3000,0.41,0.66703032523,0.17080981506,0.09916512761
0.1,100,0.03,0.005,0.1,5000,0.58,0.666138647,0.17076922831,0.09926895689
0.1,100,0.03,0.005,0.1,10000,0.91,0.66729209247,0.17178813381,0.09915308573
0.1,100,0.03,0.01,0.02,1000,0.05,0.18633324161,0.22794924408,0.0989248817
0.1,100,0.03,0.01,0.02,2000,0.1,0.1828011861,0.22905040489,0.09920932156
0.1,100,0.03,0.01,0.02,3000,0.2,0.1840620959,0.22614942042,0.09916512761
0.1,100,0.03,0.01,0.02,5000,0.26,0.1906986144,0.22854088623,0.09926895689
0.1,100,0.03,0.01,0.02,10000,0.49,0.19176363214,0.22952105248,0.09915308573
0.1,100,0.03,0.01,0.05,1000,0.08,0.31969796245,0.20021416875,0.0989248817
0.1,100,0.03,0.01,0.05,2000,0.21,0.31822532977,0.19924219547,0.09920932156
0.1,100,0.03,0.01,0.05,3000,0.3,0.31784699437,0.19888760003,0.09916512761
0.1,100,0.03,0.01,0.05,5000,0.4,0.3274063398,0.19904488879,0.09926895689
0.1,100,0.03,0.01,0.05,10000,0.74,0.32868509897,0.19923794106,0.09915308573
0.1,100,0.03,0.01,0.1,1000,0.11,0.46630021219,0.16863367508,0.0989248817
0.1,100,0.03,0.01,0.1,2000,0.24,0.46431559025,0.17147556517,0.09920932156
0.1,100,0.03,0.01,0.1,3000,0.43,0.47128364884,0.17044140054,0.09916512761
0.1,100,0.03,0.01,0.1,5000,0.5,0.47472688035,0.17084793737,0.09926895689
0.1,100,0.03,0.01,0.1,10000,0.86,0.47368896797,0.1715862499,0.09915308573
0.1,100,0.03,0.02,0.02,1000,0.07,0.10953324083,0.22702698145,0.0989248817
0.1,100,0.03,0.02,0.02,2000,0.09,0.11008878694,0.22971053909,0.09920932156
0.1,100,0.03,0.02,0.02,3000,0.17,0.11337270414,0.22934021442,0.09916512761
0.1,100,0.03,0.02,0.02,5000,0.19,0.11026178345,0.23205787515,0.09926895689
0.1,100,0.03,0.02,0.02,10000,0.33,0.11148015893,0.23292106946,0.09915308573
0.1,100,0.03,0.02,0.05,1000,0.07,0.2074117737,0.20104128714,0.0989248817
0.1,100,0.03,0.02,0.05,2000,0.17,0.21165869612,0.2013879138,0.09920932156
0.1,100,0.03,0.02,0.05,3000,0.25,0.21450141716,0.20067619455,0.09916512761
0.1,100,0.03,0.02,0.05,5000,0.32,0.21065387223,0.20057253648,0.09926895689
0.1,100,0.03,0.02,0.05,10000,0.52,0.2117397058,0.20195304193,0.09915308573
0.1,100,0.03,0.02,0.1,1000,0.1,0.32249729676,0.17133405235,0.0989248817
0.1,100,0.03,0.02,0.1,2000,0.15,0.33179128225,0.17394081323,0.09920932156
0.1,100,0.03,0.02,0.1,3000,0.3,0.33400132922,0.17233425812,0.09916512761
0.1,100,0.03,0.02,0.1,5000,0.46,0.33347341676,0.17223267946,0.09926895689
0.1,100,0.03,0.02,0.1,10000,0.77,0.3349372757,0.17281592939,0.09915308573
0.1,100,0.05,0.005,0.02,1000,0.14,0.52538105394,0.1980528865,0.0989248817
0.1,100,0.05,0.005,0.02,2000,0.37,0.53104495013,0.20370367585,0.09920932156
0.1,100,0.05,0.005,0.02,3000,0.48,0.52781098863,0.20601812776,0.09916512761
0.1,100,0.05,0.005,0.02,5000,0.75,0.53276003589,0.20861321639,0.09926895689
0.1,100,0.05,0.005,0.02,10000,0.94,0.5377946361,0.20577501871,0.09915308573
0.1,100,0.05,0.005,0.05,1000,0.28,0.71835280778,0.1885196381,0.0989248817
0.1,100,0.05,0.005,0.05,2000,0.48,0.72228997067,0.19109208076,0.09920932156
0.1,100,0.05,0.005,0.05,3000,0.66,0.71458055817,0.19056913244,0.09916512761
0.1,100,0.05,0.005,0.05,5000,0.83,0.71175790239,0.19071700674,0.09926895689
0.1,100,0.05,0.005,0.05,10000,0.99,0.71470884045,0.19177116152,0.09915308573
0.1,100,0.05,0.005,0.1,1000,0.23,0.83961633835,0.16724886968,0.0989248817
0.1,100,0.05,0.005,0.1,2000,0.48,0.83571209436,0.17011117906,0.09920932156
0.1,100,0.05,0.005,0.1,3000,0.71,0.83175185935,0.16930006758,0.09916512761
0.1,100,0.05,0.005,0.1,5000,0.83,0.83186390034,0.16920154127,0.09926895689
0.1,100,0.05,0.005,0.1,10000,1,0.83223732294,0.17004823024,0.09915308573
0.1,100,0.05,0.01,0.02,1000,0.12,0.28440278127,0.21351751311,0.0989248817
0.1,100,0.05,0.01,0.02,2000,0.25,0.28019141711,0.21670461511,0.09920932156
0.1,100,0.05,0.01,0.02,3000,0.35,0.28150606111,0.213551655,0.09916512761
0.1,100,0.05,0.01,0.02,5000,0.5,0.29133711162,0.21571025049,0.09926895689
0.1,100,0.05,0.01,0.02,10000,0.82,0.29217821602,0.21513916368,0.09915308573
0.1,100,0.05,0.01,0.05,1000,0.17,0.45862901185,0.19095042191,0.0989248817
0.1,100,0.05,0.01,0.05,2000,0.4,0.45641680685,0.19209153663,0.09920932156
0.1,100,0.05,0.01,0.05,3000,0.59,0.46071948269,0.19159416562,0.09916512761
0.1,100,0.05,0.01,0.05,5000,0.74,0.46183100699,0.19283525756,0.09926895689
0.1,100,0.05,0.01,0.05,10000,0.98,0.46288621527,0.1931305353,0.09915308573
0.1,100,0.05,0.01,0.1,1000,0.22,0.60266751471,0.16610845439,0.0989248817
0.1,100,0.05,0.01,0.1,2000,0.55,0.60809887781,0.16878504632,0.09920932156
0.1,100,0.05,0.01,0.1,3000,0.64,0.61081976564,0.16814865742,0.09916512761
0.1,100,0.05,0.01,0.1,5000,0.87,0.61368332001,0.16821213487,0.09926895689
0.1,100,0.05,0.01,0.1,10000,0.98,0.61419129641,0.16895834358,0.09915308573
0.1,100,0.05,0.02,0.02,1000,0.09,0.15947731593,0.22496434808,0.0989248817
0.1,100,0.05,0.02,0.02,2000,0.2,0.15752660304,0.22332163869,0.09920932156
0.1,100,0.05,0.02,0.02,3000,0.25,0.1596903686,0.22305271911,0.09916512761
0.1,100,0.05,0.02,0.02,5000,0.31,0.15735530374,0.22535554201,0.09926895689
0.1,100,0.05,0.02,0.02,10000,0.54,0.15828740006,0.22573838467,0.09915308573
0.1,100,0.05,0.02,0.05,1000,0.14,0.2808533291,0.19612682232,0.0989248817
0.1,100,0.05,0.02,0.05,2000,0.22,0.28836915894,0.1961770032,0.09920932156
0.1,100,0.05,0.02,0.05,3000,0.38,0.28772261208,0.19533528546,0.09916512761
0.1,100,0.05,0.02,0.05,5000,0.62,0.28568708131,0.19597155591,0.09926895689
0.1,100,0.05,0.02,0.05,10000,0.87,0.28838641949,0.19745645515,0.09915308573
0.1,100,0.05,0.02,0.1,1000,0.2,0.42331027573,0.16868783458,0.0989248817
0.1,100,0.05,0.02,0.1,2000,0.29,0.42365056009,0.17225675371,0.09920932156
0.1,100,0.05,0.02,0.1,3000,0.48,0.42776424519,0.16983798522,0.09916512761
0.1,100,0.05,0.02,0.1,5000,0.72,0.4292410286,0.17016577152,0.09926895689
0.1,100,0.05,0.02,0.1,10000,0.96,0.43128372364,0.17090204553,0.09915308573
0.1,100,0.1,0.005,0.02,1000,0.36,0.86288478395,0.15621277806,0.0989248817
0.1,100,0.1,0.005,0.02,2000,0.61,0.85451203427,0.15603875563,0.09920932156
0.1,100,0.1,0.005,0.02,3000,0.83,0.85031711949,0.15956707771,0.09916512761
0.1,100,0.1,0.005,0.02,5000,0.96,0.85384033667,0.16481582003,0.09926895689
0.1,100,0.1,0.005,0.02,10000,0.99,0.85319918616,0.16447134934,0.09915308573
0.1,100,0.1,0.005,0.05,1000,0.52,0.9490682055,0.17882586743,0.0989248817
0.1,100,0.1,0.005,0.05,2000,0.79,0.94776017917,0.18269589556,0.09920932156
0.1,100,0.1,0.005,0.05,3000,0.89,0.94148359344,0.18249158511,0.09916512761
0.1,100,0.1,0.005,0.05,5000,0.99,0.94348934522,0.18311329874,0.09926895689
0.1,100,0.1,0.005,0.05,10000,1,0.94317020759,0.18373419762,0.09915308573
0.1,100,0.1,0.005,0.1,1000,0.5,0.97877273915,0.16767188967,0.0989248817
0.1,100,0.1,0.005,0.1,2000,0.73,0.97873729954,0.17049613621,0.09920932156
0.1,100,0.1,0.005,0.1,3000,0.85,0.97778889523,0.16956056946,0.09916512761
0.1,100,0.1,0.005,0.1,5000,0.98,0.9773113596,0.16975428146,0.09926895689
0.1,100,0.1,0.005,0.1,10000,1,0.97562979417,0.17074397597,0.09915308573
0.1,100,0.1,0.01,0.02,1000,0.2,0.50111422363,0.17506274351,0.0989248817
0.1,100,0.1,0.01,0.02,2000,0.48,0.50835474819,0.16693656612,0.09920932156
0.1,100,0.1,0.01,0.02,3000,0.73,0.51608090714,0.16830333102,0.09916512761
0.1,100,0.1,0.01,0.02,5000,0.91,0.51484409767,0.17450544208,0.09926895689
0.1,100,0.1,0.01,0.02,10000,1,0.51747230069,0.17186989778,0.09915308573
0.1,100,0.1,0.01,0.05,1000,0.51,0.71606465973,0.17562749344,0.0989248817
0.1,100,0.1,0.01,0.05,2000,0.82,0.71549512808,0.17347335564,0.09920932156
0.1,100,0.1,0.01,0.05,3000,0.9,0.71493427715,0.17549241162,0.09916512761
0.1,100,0.1,0.01,0.05,5000,1,0.71644623938,0.17721469488,0.09926895689
0.1,100,0.1,0.01,0.05,10000,1,0.71991162693,0.17698185918,0.09915308573
0.1,100,0.1,0.01,0.1,1000,0.56,0.84489115229,0.16204276801,0.0989248817
0.1,100,0.1,0.01,0.1,2000,0.84,0.84350286156,0.16354436154,0.09920932156
0.1,100,0.1,0.01,0.1,3000,0.95,0.84285407989,0.16288303938,0.09916512761
0.1,100,0.1,0.01,0.1,5000,0.99,0.83966790575,0.16366688724,0.09926895689
0.1,100,0.1,0.01,0.1,10000,1,0.84154333934,0.16444885067,0.09915308573
0.1,100,0.1,0.02,0.02,1000,0.21,0.26112977785,0.20021079573,0.0989248817
0.1,100,0.1,0.02,0.02,2000,0.25,0.2692080265,0.19335030321,0.09920932156
0.1,100,0.1,0.02,0.02,3000,0.46,0.27140720136,0.18994283244,0.09916512761
0.1,100,0.1,0.02,0.02,5000,0.67,0.26861793899,0.19666922245,0.09926895689
0.1,100,0.1,0.02,0.02,10000,0.91,0.26957472813,0.19850397306,0.09915308573
0.1,100,0.1,0.02,0.05,1000,0.3,0.45134077291,0.1805597154,0.0989248817
0.1,100,0.1,0.02,0.05,2000,0.56,0.45046542272,0.18280353813,0.09920932156
0.1,100,0.1,0.02,0.05,3000,0.82,0.45278772797,0.1823635064,0.09916512761
0.1,100,0.1,0.02,0.05,5000,0.95,0.45364350807,0.18211093635,0.09926895689
0.1,100,0.1,0.02,0.05,10000,1,0.45575121978,0.1832472678,0.09915308573
0.1,100,0.1,0.02,0.1,1000,0.44,0.61525267713,0.16176020006,0.0989248817
0.1,100,0.1,0.02,0.1,2000,0.72,0.61565123976,0.1646682256,0.09920932156
0.1,100,0.1,0.02,0.1,3000,0.91,0.61831683371,0.16373676589,0.09916512761
0.1,100,0.1,0.02,0.1,5000,1,0.61968118987,0.16335901933,0.09926895689
0.1,100,0.1,0.02,0.1,10000,1,0.62011289226,0.16404648636,0.09915308573
0.2,100,0.01,0.005,0.02,1000,0.04,0.14333176914,0.47361460742,0.1978497634
0.2,100,0.01,0.005,0.02,2000,0.04,0.13328382612,0.47129048788,0.19841864306
0.2,100,0.01,0.005,0.02,3000,0.03,0.13267442141,0.47079930277,0.19833025515
0.2,100,0.01,0.005,0.02,5000,0.17,0.13569558754,0.47783551168,0.19853791376
0.2,100,0.01,0.005,0.02,10000,0.32,0.13688241564,0.47510317685,0.19830617146
0.2,100,0.01,0.005,0.05,1000,0.09,0.2384853178,0.39743543287,0.1978497634
0.2,100,0.01,0.005,0.05,2000,0.1,0.24487142226,0.40268141586,0.19841864306
0.2,100,0.01,0.005,0.05,3000,0.15,0.24513885239,0.4057603797,0.19833025515
0.2,100,0.01,0.005,0.05,5000,0.16,0.24611469897,0.40645302218,0.19853791376
0.2,100,0.01,0.005,0.05,10000,0.46,0.24587636459,0.40702894406,0.19830617146
0.2,100,0.01,0.005,0.1,1000,0.11,0.35891251783,0.34163796605,0.1978497634
0.2,100,0.01,0.005,0.1,2000,0.16,0.3761615068,0.34614476596,0.19841864306
0.2,100,0.01,0.005,0.1,3000,0.23,0.37691957861,0.3455679077,0.19833025515
0.2,100,0.01,0.005,0.1,5000,0.3,0.37982661203,0.3468997061,0.19853791376
0.2,100,0.01,0.005,0.1,10000,0.59,0.37841467352,0.34696794418,0.19830617146
0.2,100,0.01,0.01,0.02,1000,0.03,0.09076486513,0.48023915467,0.1978497634
0.2,100,0.01,0.01,0.02,2000,0.05,0.0849512362,0.47273107036,0.19841864306
0.2,100,0.01,0.01,0.02,3000,0.09,0.08364183459,0.470740354,0.19833025515
0.2,100,0.01,0.01,0.02,5000,0.11,0.08650819167,0.47878887935,0.19853791376
0.2,100,0.01,0.01,0.02,10000,0.22,0.08651071448,0.47716534676,0.19830617146
0.2,100,0.01,0.01,0.05,1000,0.07,0.16866952328,0.40068431685,0.1978497634
0.2,100,0.01,0.01,0.05,2000,0.08,0.16369476683,0.40500417809,0.19841864306
0.2,100,0.01,0.01,0.05,3000,0.08,0.16569495208,0.40715667445,0.19833025515
0.2,100,0.01,0.01,0.05,5000,0.24,0.17259245178,0.40628851546,0.19853791376
0.2,100,0.01,0.01,0.05,10000,0.37,0.17019725862,0.40780068843,0.19830617146
0.2,100,0.01,0.01,0.1,1000,0.04,0.2748660229,0.34206947012,0.1978497634
0.2,100,0.01,0.01,0.1,2000,0.12,0.27144309845,0.34629990389,0.19841864306
0.2,100,0.01,0.01,0.1,3000,0.2,0.27176518814,0.3458315172,0.19833025515
0.2,100,0.01,0.01,0.1,5000,0.3,0.2801378838,0.34688170227,0.19853791376
0.2,100,0.01,0.01,0.1,10000,0.58,0.27766134302,0.34689690088,0.19830617146
0.2,100,0.01,0.02,0.02,1000,0.03,0.05868255155,0.47850489251,0.1978497634
0.2,100,0.01,0.02,0.02,2000,0.07,0.05943106023,0.47255476726,0.19841864306
0.2,100,0.01,0.02,0.02,3000,0.08,0.05987442046,0.47242105022,0.19833025515
0.2,100,0.01,0.02,0.02,5000,0.09,0.05827156043,0.47977493604,0.19853791376
0.2,100,0.01,0.02,0.02,10000,0.19,0.05851967803,0.4788343037,0.19830617146
0.2,100,0.01,0.02,0.05,1000,0.06,0.12665580823,0.40187489381,0.1978497634
0.2,100,0.01,0.02,0.05,2000,0.16,0.12561696746,0.40368611746,0.19841864306
0.2,100,0.01,0.02,0.05,3000,0.18,0.12712384583,0.40661004341,0.19833025515
0.2,100,0.01,0.02,0.05,5000,0.22,0.12513827643,0.40722397543,0.19853791376
0.2,100,0.01,0.02,0.05,10000,0.29,0.12610882292,0.40850651937,0.19830617146
0.2,100,0.01,0.02,0.1,1000,0.09,0.21049096029,0.3429433201,0.1978497634
0.2,100,0.01,0.02,0.1,2000,0.13,0.21591800512,0.34656051162,0.19841864306
0.2,100,0.01,0.02,0.1,3000,0.19,0.21755055351,0.34610921036,0.19833025515
0.2,100,0.01,0.02,0.1,5000,0.23,0.21509317275,0.34758541769,0.19853791376
0.2,100,0.01,0.02,0.1,10000,0.43,0.21589180763,0.34770322275,0.19830617146
0.2,100,0.02,0.005,0.02,1000,0.13,0.23772366278,0.46094812881,0.1978497634
0.2,100,0.02,0.005,0.02,2000,0.18,0.24073623013,0.45957496677,0.19841864306
0.2,100,0.02,0.005,0.02,3000,0.23,0.24032565505,0.45892316304,0.19833025515
0.2,100,0.02,0.005,0.02,5000,0.39,0.23838565353,0.4677822108,0.19853791376
0.2,100,0.02,0.005,0.02,10000,0.76,0.24037947237,0.464881211,0.19830617146
0.2,100,0.02,0.005,0.05,1000,0.13,0.37668355236,0.39585141427,0.1978497634
0.2,100,0.02,0.005,0.05,2000,0.24,0.38833027534,0.39877199269,0.19841864306
0.2,100,0.02,0.005,0.05,3000,0.35,0.39074795156,0.40161876786,0.19833025515
0.2,100,0.02,0.005,0.05,5000,0.59,0.39425786323,0.40161287651,0.19853791376
0.2,100,0.02,0.005,0.05,10000,0.92,0.39253699231,0.40264909306,0.19830617146
0.2,100,0.02,0.005,0.1,1000,0.17,0.52649530268,0.34074776198,0.1978497634
0.2,100,0.02,0.005,0.1,2000,0.34,0.53722574029,0.34420397462,0.19841864306
0.2,100,0.02,0.005,0.1,3000,0.49,0.53613826561,0.34402769945,0.19833025515
0.2,100,0.02,0.005,0.1,5000,0.69,0.53696278811,0.34534690092,0.19853791376
0.2,100,0.02,0.005,0.1,10000,0.96,0.5395832544,0.34490990313,0.19830617146
0.2,100,0.02,0.01,0.02,1000,0.04,0.14034734236,0.46828938893,0.1978497634
0.2,100,0.02,0.01,0.02,2000,0.11,0.13412250255,0.46639399672,0.19841864306
0.2,100,0.02,0.01,0.02,3000,0.16,0.13471118213,0.46567933564,0.19833025515
0.2,100,0.02,0.01,0.02,5000,0.28,0.13905542236,0.47144114176,0.19853791376
0.2,100,0.02,0.01,0.02,10000,0.57,0.13935167329,0.47003130963,0.19830617146
0.2,100,0.02,0.01,0.05,1000,0.09,0.24964322829,0.3983749565,0.1978497634
0.2,100,0.02,0.01,0.05,2000,0.19,0.24392422387,0.40054056023,0.19841864306
0.2,100,0.02,0.01,0.05,3000,0.35,0.24607615684,0.4030642718,0.19833025515
0.2,100,0.02,0.01,0.05,5000,0.48,0.25487742089,0.40342010941,0.19853791376
0.2,100,0.02,0.01,0.05,10000,0.79,0.25172774522,0.40374888613,0.19830617146
0.2,100,0.02,0.01,0.1,1000,0.13,0.37532359444,0.3414047492,0.1978497634
0.2,100,0.02,0.01,0.1,2000,0.28,0.37164335435,0.34384877828,0.19841864306
0.2,100,0.02,0.01,0.1,3000,0.49,0.37756538027,0.34440684407,0.19833025515
0.2,100,0.02,0.01,0.1,5000,0.62,0.38615645285,0.34465733202,0.19853791376
0.2,100,0.02,0.01,0.1,10000,0.92,0.38407946474,0.34487564058,0.19830617146
0.2,100,0.02,0.02,0.02,1000,0.07,0.08857236044,0.47044439299,0.1978497634
0.2,100,0.02,0.02,0.02,2000,0.14,0.0866612942,0.46764010995,0.19841864306
0.2,100,0.02,0.02,0.02,3000,0.17,0.08686968261,0.46575307598,0.19833025515
0.2,100,0.02,0.02,0.02,5000,0.21,0.08360058426,0.4751791102,0.19853791376
0.2,100,0.02,0.02,0.02,10000,0.41,0.08575858932,0.47444898365,0.19830617146
0.2,100,0.02,0.02,0.05,1000,0.08,0.16922725619,0.39982943772,0.1978497634
0.2,100,0.02,0.02,0.05,2000,0.22,0.17042386527,0.40089228338,0.19841864306
0.2,100,0.02,0.02,0.05,3000,0.29,0.17162303613,0.40306119204,0.19833025515
0.2,100,0.02,0.02,0.05,5000,0.37,0.17026466361,0.40480211864,0.19853791376
0.2,100,0.02,0.02,0.05,10000,0.62,0.17045955346,0.40606139709,0.19830617146
0.2,100,0.02,0.02,0.1,1000,0.14,0.27059222936,0.34198789923,0.1978497634
0.2,100,0.02,0.02,0.1,2000,0.2,0.27968348469,0.34450053972,0.19841864306
0.2,100,0.02,0.02,0.1,3000,0.39,0.28110667073,0.34461000017,0.19833025515
0.2,100,0.02,0.02,0.1,5000,0.55,0.27931047477,0.34539354036,0.19853791376
0.2,100,0.02,0.02,0.1,10000,0.82,0.28031513387,0.34634549985,0.19830617146
0.2,100,0.03,0.005,0.02,1000,0.21,0.33653180809,0.44718012439,0.1978497634
0.2,100,0.03,0.005,0.02,2000,0.36,0.34337769222,0.44700388571,0.19841864306
0.2,100,0.03,0.005,0.02,3000,0.5,0.34840208132,0.44535883251,0.19833025515
0.2,100,0.03,0.005,0.02,5000,0.74,0.35126138338,0.45217461555,0.19853791376
0.2,100,0.03,0.005,0.02,10000,0.99,0.3500020579,0.4504445958,0.19830617146
0.2,100,0.03,0.005,0.05,1000,0.25,0.50565450051,0.39229779596,0.1978497634
0.2,100,0.03,0.005,0.05,2000,0.48,0.51739410268,0.39388014085,0.19841864306
0.2,100,0.03,0.005,0.05,3000,0.59,0.51456422723,0.39578336474,0.19833025515
0.2,100,0.03,0.005,0.05,5000,0.9,0.51883478868,0.39642758264,0.19853791376
0.2,100,0.03,0.005,0.05,10000,1,0.51914534844,0.39698729879,0.19830617146
0.2,100,0.03,0.005,0.1,1000,0.3,0.66816447159,0.33657769607,0.1978497634
0.2,100,0.03,0.005,0.1,2000,0.55,0.67219174477,0.34056896816,0.19841864306
0.2,100,0.03,0.005,0.1,3000,0.74,0.66342821036,0.34109484296,0.19833025515
0.2,100,0.03,0.005,0.1,5000,0.95,0.66545180309,0.3422652939,0.19853791376
0.2,100,0.03,0.005,0.1,10000,1,0.66584713728,0.34212214942,0.19830617146
0.2,100,0.03,0.01,0.02,1000,0.1,0.18669412193,0.45727361037,0.1978497634
0.2,100,0.03,0.01,0.02,2000,0.16,0.18067717251,0.45908471251,0.19841864306
0.2,100,0.03,0.01,0.02,3000,0.27,0.18156486828,0.45665685354,0.19833025515
0.2,100,0.03,0.01,0.02,5000,0.48,0.19158126389,0.46195802985,0.19853791376
0.2,100,0.03,0.01,0.02,10000,0.83,0.19051409231,0.46065456111,0.19830617146
0.2,100,0.03,0.01,0.05,1000,0.18,0.31986901292,0.39282067977,0.1978497634
0.2,100,0.03,0.01,0.05,2000,0.31,0.316107568,0.39568849166,0.19841864306
0.2,100,0.03,0.01,0.05,3000,0.6,0.31843529525,0.39868902919,0.19833025515
0.2,100,0.03,0.01,0.05,5000,0.73,0.3285695788,0.3989371777,0.19853791376
0.2,100,0.03,0.01,0.05,10000,0.98,0.32698655626,0.39888514935,0.19830617146
0.2,100,0.03,0.01,0.1,1000,0.24,0.46235484559,0.33738644355,0.1978497634
0.2,100,0.03,0.01,0.1,2000,0.5,0.45712030398,0.34081909383,0.19841864306
0.2,100,0.03,0.01,0.1,3000,0.69,0.46611825052,0.3417284903,0.19833025515
0.2,100,0.03,0.01,0.1,5000,0.86,0.46880745624,0.34260416008,0.19853791376
0.2,100,0.03,0.01,0.1,10000,0.99,0.47205786305,0.34238667417,0.19830617146
0.2,100,0.03,0.02,0.02,1000,0.15,0.11335990634,0.46698111056,0.1978497634
0.2,100,0.03,0.02,0.02,2000,0.21,0.10947624905,0.4599191707,0.19841864306
0.2,100,0.03,0.02,0.02,3000,0.3,0.11187383469,0.45989657115,0.19833025515
0.2,100,0.03,0.02,0.02,5000,0.35,0.11002196317,0.46757496,0.19853791376
0.2,100,0.03,0.02,0.02,10000,0.6,0.11174039785,0.46801081374,0.19830617146
0.2,100,0.03,0.02,0.05,1000,0.13,0.21031208447,0.3969370268,0.1978497634
0.2,100,0.03,0.02,0.05,2000,0.26,0.21296447161,0.39845011685,0.19841864306
0.2,100,0.03,0.02,0.05,3000,0.44,0.2136191884,0.40032445616,0.19833025515
0.2,100,0.03,0.02,0.05,5000,0.58,0.21190799556,0.40320268712,0.19853791376
0.2,100,0.03,0.02,0.05,10000,0.88,0.21229868624,0.40334240553,0.19830617146
0.2,100,0.03,0.02,0.1,1000,0.24,0.32489703615,0.33957229755,0.1978497634
0.2,100,0.03,0.02,0.1,2000,0.38,0.33498445156,0.34275299169,0.19841864306
0.2,100,0.03,0.02,0.1,3000,0.6,0.33527068676,0.34181430515,0.19833025515
0.2,100,0.03,0.02,0.1,5000,0.78,0.3350783707,0.34289984289,0.19853791376
0.2,100,0.03,0.02,0.1,10000,0.95,0.33534901784,0.34428109906,0.19830617146
0.2,100,0.05,0.005,0.02,1000,0.39,0.52465228212,0.41902493271,0.1978497634
0.2,100,0.05,0.005,0.02,2000,0.59,0.53323329046,0.41562170127,0.19841864306
0.2,100,0.05,0.005,0.02,3000,0.8,0.53465039284,0.41376170695,0.19833025515
0.2,100,0.05,0.005,0.02,5000,0.97,0.53665095335,0.41983811585,0.19853791376
0.2,100,0.05,0.005,0.02,10000,1,0.53689681514,0.4163043076,0.19830617146
0.2,100,0.05,0.005,0.05,1000,0.48,0.71877378097,0.37608336201,0.1978497634
0.2,100,0.05,0.005,0.05,2000,0.77,0.72062973151,0.37887983265,0.19841864306
0.2,100,0.05,0.005,0.05,3000,0.93,0.71143485198,0.3825636353,0.19833025515
0.2,100,0.05,0.005,0.05,5000,0.99,0.71142802596,0.38409246287,0.19853791376
0.2,100,0.05,0.005,0.05,10000,1,0.7142996141,0.38365557031,0.19830617146
0.2,100,0.05,0.005,0.1,1000,0.55,0.83341271333,0.33327036588,0.1978497634
0.2,100,0.05,0.005,0.1,2000,0.79,0.83219362112,0.33763298977,0.19841864306
0.2,100,0.05,0.005,0.1,3000,0.94,0.82774398412,0.33708728856,0.19833025515
0.2,100,0.05,0.005,0.1,5000,0.99,0.82920786268,0.33888253575,0.19853791376
0.2,100,0.05,0.005,0.1,10000,1,0.83038229041,0.33908964994,0.19830617146
0.2,100,0.05,0.01,0.02,1000,0.17,0.28292226289,0.44030173757,0.1978497634
0.2,100,0.05,0.01,0.02,2000,0.44,0.28057186108,0.43593048291,0.19841864306
0.2,100,0.05,0.01,0.02,3000,0.68,0.28118331819,0.43310905151,0.19833025515
0.2,100,0.05,0.01,0.02,5000,0.84,0.2910471317,0.43653701491,0.19853791376
0.2,100,0.05,0.01,0.02,10000,1,0.29151689306,0.43434679303,0.19830617146
0.2,100,0.05,0.01,0.05,1000,0.39,0.45686995076,0.38289360342,0.1978497634
0.2,100,0.05,0.01,0.05,2000,0.63,0.45081742603,0.38368685309,0.19841864306
0.2,100,0.05,0.01,0.05,3000,0.85,0.45805183324,0.38586397201,0.19833025515
0.2,100,0.05,0.01,0.05,5000,0.99,0.46027305716,0.38661473631,0.19853791376
0.2,100,0.05,0.01,0.05,10000,1,0.46305956406,0.38682892503,0.19830617146
0.2,100,0.05,0.01,0.1,1000,0.44,0.6085506413,0.33219055817,0.1978497634
0.2,100,0.05,0.01,0.1,2000,0.78,0.60706021202,0.33514447415,0.19841864306
0.2,100,0.05,0.01,0.1,3000,0.93,0.60745750347,0.33690725753,0.19833025515
0.2,100,0.05,0.01,0.1,5000,1,0.61116987461,0.3372330455,0.19853791376
0.2,100,0.05,0.01,0.1,10000,1,0.61303322217,0.33753304665,0.19830617146
0.2,100,0.05,0.02,0.02,1000,0.16,0.15959055788,0.45146448485,0.1978497634
0.2,100,0.05,0.02,0.02,2000,0.31,0.15961503717,0.44098938193,0.19841864306
0.2,100,0.05,0.02,0.02,3000,0.45,0.15893703,0.44438699014,0.19833025515
0.2,100,0.05,0.02,0.02,5000,0.69,0.15846098004,0.44934149872,0.19853791376
0.2,100,0.05,0.02,0.02,10000,0.92,0.15864945461,0.45129149207,0.19830617146
0.2,100,0.05,0.02,0.05,1000,0.29,0.27981074772,0.39173779196,0.1978497634
0.2,100,0.05,0.02,0.05,2000,0.51,0.2889354421,0.38951274029,0.19841864306
0.2,100,0.05,0.02,0.05,3000,0.73,0.28939146927,0.39102486392,0.19833025515
0.2,100,0.05,0.02,0.05,5000,0.9,0.28746813126,0.39369313184,0.19853791376
0.2,100,0.05,0.02,0.05,10000,1,0.28773366189,0.39390220755,0.19830617146
0.2,100,0.05,0.02,0.1,1000,0.3,0.42149689172,0.33408359737,0.1978497634
0.2,100,0.05,0.02,0.1,2000,0.62,0.42681057045,0.33915394495,0.19841864306
0.2,100,0.05,0.02,0.1,3000,0.79,0.42954369321,0.33832431334,0.19833025515
0.2,100,0.05,0.02,0.1,5000,1,0.43043331485,0.33856181224,0.19853791376
0.2,100,0.05,0.02,0.1,10000,1,0.43151765662,0.33982963176,0.19830617146
0.2,100,0.1,0.005,0.02,1000,0.73,0.86486972037,0.32075174242,0.1978497634
0.2,100,0.1,0.005,0.02,2000,0.94,0.85266272916,0.33301097064,0.19841864306
0.2,100,0.1,0.005,0.02,3000,0.98,0.84883445643,0.33256194469,0.19833025515
0.2,100,0.1,0.005,0.02,5000,1,0.85210544536,0.33635240061,0.19853791376
0.2,100,0.1,0.005,0.02,10000,1,0.85210324494,0.33625100766,0.19830617146
0.2,100,0.1,0.005,0.05,1000,0.77,0.94887027027,0.35737985796,0.1978497634
0.2,100,0.1,0.005,0.05,2000,0.94,0.94759755114,0.36192988663,0.19841864306
0.2,100,0.1,0.005,0.05,3000,0.99,0.94114954445,0.36393412725,0.19833025515
0.2,100,0.1,0.005,0.05,5000,1,0.94334556292,0.36647082553,0.19853791376
0.2,100,0.1,0.005,0.05,10000,1,0.94242103262,0.36681591351,0.19830617146
0.2,100,0.1,0.005,0.1,1000,0.72,0.97928861216,0.33237227612,0.1978497634
0.2,100,0.1,0.005,0.1,2000,0.93,0.97885783068,0.33704392116,0.19841864306
0.2,100,0.1,0.005,0.1,3000,0.96,0.97838556465,0.33772402973,0.19833025515
0.2,100,0.1,0.005,0.1,5000,0.99,0.97836058563,0.33893109476,0.19853791376
0.2,100,0.1,0.005,0.1,10000,1,0.9776112094,0.339449964,0.19830617146
0.2,100,0.1,0.01,0.02,1000,0.48,0.50253961053,0.3560777162,0.1978497634
0.2,100,0.1,0.01,0.02,2000,0.86,0.51054431058,0.35117186343,0.19841864306
0.2,100,0.1,0.01,0.02,3000,0.95,0.51464463204,0.34916676894,0.19833025515
0.2,100,0.1,0.01,0.02,5000,1,0.51538701009,0.35442038312,0.19853791376
0.2,100,0.1,0.01,0.02,10000,1,0.51611161167,0.3528353606,0.19830617146
0.2,100,0.1,0.01,0.05,1000,0.77,0.7122621578,0.35104090686,0.1978497634
0.2,100,0.1,0.01,0.05,2000,0.95,0.71411721092,0.34907203849,0.19841864306
0.2,100,0.1,0.01,0.05,3000,0.99,0.71496302184,0.35207897006,0.19833025515
0.2,100,0.1,0.01,0.05,5000,1,0.71736971874,0.35323527538,0.19853791376
0.2,100,0.1,0.01,0.05,10000,1,0.71966042638,0.35204222081,0.19830617146
0.2,100,0.1,0.01,0.1,1000,0.78,0.84782095944,0.32049944779,0.1978497634
0.2,100,0.1,0.01,0.1,2000,0.99,0.84132207901,0.32370688278,0.19841864306
0.2,100,0.1,0.01,0.1,3000,1,0.83908242921,0.32560117135,0.19833025515
0.2,100,0.1,0.01,0.1,5000,1,0.83959491875,0.32729846143,0.19853791376
0.2,100,0.1,0.01,0.1,10000,1,0.84057590602,0.32743088883,0.19830617146
0.2,100,0.1,0.02,0.02,1000,0.33,0.26092229628,0.40116605909,0.1978497634
0.2,100,0.1,0.02,0.02,2000,0.64,0.27112155903,0.39779071942,0.19841864306
0.2,100,0.1,0.02,0.02,3000,0.8,0.27204943228,0.39448767083,0.19833025515
0.2,100,0.1,0.02,0.02,5000,0.97,0.2682821293,0.40094805728,0.19853791376
0.2,100,0.1,0.02,0.02,10000,1,0.26947260589,0.40090833704,0.19830617146
0.2,100,0.1,0.02,0.05,1000,0.57,0.44801798052,0.36471429555,0.1978497634
0.2,100,0.1,0.02,0.05,2000,0.87,0.45101597876,0.36689942865,0.19841864306
0.2,100,0.1,0.02,0.05,3000,0.99,0.45206542017,0.36556114814,0.19833025515
0.2,100,0.1,0.02,0.05,5000,1,0.45343590476,0.36532542621,0.19853791376
0.2,100,0.1,0.02,0.05,10000,1,0.45547872014,0.36413647996,0.19830617146
0.2,100,0.1,0.02,0.1,1000,0.71,0.61230473961,0.31917528347,0.1978497634
0.2,100,0.1,0.02,0.1,2000,0.96,0.61287372842,0.32606092888,0.19841864306
0.2,100,0.1,0.02,0.1,3000,1,0.61451231266,0.32518565878,0.19833025515
0.2,100,0.1,0.02,0.1,5000,1,0.61720733958,0.32541163403,0.19853791376
0.2,100,0.1,0.02,0.1,10000,1,0.61828829359,0.32621465274,0.19830617146
0.3,100,0.01,0.005,0.02,1000,0.08,0.12903703611,0.71106110195,0.29677464508
0.3,100,0.01,0.005,0.02,2000,0.08,0.13443393844,0.71292416102,0.29762796464
0.3,100,0.01,0.005,0.02,3000,0.13,0.13189354001,0.71564393157,0.29749538276
0.3,100,0.01,0.005,0.02,5000,0.22,0.13527139941,0.71659534212,0.29780687064
0.3,100,0.01,0.005,0.02,10000,0.49,0.13656235456,0.71531974853,0.2974592572
0.3,100,0.01,0.005,0.05,1000,0.16,0.2445577217,0.60343385248,0.29677464508
0.3,100,0.01,0.005,0.05,2000,0.14,0.24901391794,0.60334284049,0.29762796464
0.3,100,0.01,0.005,0.05,3000,0.25,0.24822093447,0.60635796321,0.29749538276
0.3,100,0.01,0.005,0.05,5000,0.43,0.24861911058,0.60843140566,0.29780687064
0.3,100,0.01,0.005,0.05,10000,0.72,0.24615509434,0.60952683752,0.2974592572
0.3,100,0.01,0.005,0.1,1000,0.14,0.36970660285,0.51121004728,0.29677464508
0.3,100,0.01,0.005,0.1,2000,0.22,0.37665592135,0.51748228333,0.29762796464
0.3,100,0.01,0.005,0.1,3000,0.33,0.37554111041,0.51790016191,0.29749538276
0.3,100,0.01,0.005,0.1,5000,0.56,0.37866441805,0.51877061515,0.29780687064
0.3,100,0.01,0.005,0.1,10000,0.86,0.37696846103,0.51978785317,0.2974592572
0.3,100,0.01,0.01,0.02,1000,0.06,0.09223482923,0.71397238252,0.29677464508
0.3,100,0.01,0.01,0.02,2000,0.07,0.08377934427,0.71608427565,0.29762796464
0.3,100,0.01,0.01,0.02,3000,0.12,0.08253794668,0.71627718043,0.29749538276
0.3,100,0.01,0.01,0.02,5000,0.13,0.08556009963,0.71906859034,0.29780687064
0.3,100,0.01,0.01,0.02,10000,0.34,0.08560818157,0.71774635642,0.2974592572
0.3,100,0.01,0.01,0.05,1000,0.04,0.17012151678,0.60881281067,0.29677464508
0.3,100,0.01,0.01,0.05,2000,0.07,0.16452982704,0.60714096516,0.29762796464
0.3,100,0.01,0.01,0.05,3000,0.11,0.16284505535,0.60845492243,0.29749538276
0.3,100,0.01,0.01,0.05,5000,0.28,0.17254354911,0.60941947578,0.29780687064
0.3,100,0.01,0.01,0.05,10000,0.54,0.16920758032,0.61033243544,0.2974592572
0.3,100,0.01,0.01,0.1,1000,0.06,0.27576960749,0.51188265214,0.29677464508
0.3,100,0.01,0.01,0.1,2000,0.18,0.26984233433,0.51778710282,0.29762796464
0.3,100,0.01,0.01,0.1,3000,0.34,0.27331734727,0.51817318623,0.29749538276
0.3,100,0.01,0.01,0.1,5000,0.44,0.28261098501,0.51911624414,0.29780687064
0.3,100,0.01,0.01,0.1,10000,0.77,0.27921720443,0.51971152776,0.2974592572
0.3,100,0.01,0.02,0.02,1000,0.04,0.05998115609,0.71206274716,0.29677464508
0.3,100,0.01,0.02,0.02,2000,0.11,0.05812024026,0.71414276153,0.29762796464
0.3,100,0.01,0.02,0.02,3000,0.1,0.05863510483,0.71604841736,0.29749538276
0.3,100,0.01,0.02,0.02,5000,0.14,0.05741205716,0.71873173749,0.29780687064
0.3,100,0.01,0.02,0.02,10000,0.27,0.05894755565,0.71900125342,0.2974592572
0.3,100,0.01,0.02,0.05,1000,0.04,0.12550530655,0.60856684097,0.29677464508
0.3,100,0.01,0.02,0.05,2000,0.17,0.12529593068,0.60570158287,0.29762796464
0.3,100,0.01,0.02,0.05,3000,0.28,0.12649177328,0.6067111296,0.29749538276
0.3,100,0.01,0.02,0.05,5000,0.21,0.12409165219,0.60960679124,0.29780687064
0.3,100,0.01,0.02,0.05,10000,0.49,0.12454229853,0.61117665895,0.2974592572
0.3,100,0.01,0.02,0.1,1000,0.09,0.2118791604,0.51276443985,0.29677464508
0.3,100,0.01,0.02,0.1,2000,0.21,0.21842226462,0.51763380494,0.29762796464
0.3,100,0.01,0.02,0.1,3000,0.31,0.22018662499,0.51777885534,0.29749538276
0.3,100,0.01,0.02,0.1,5000,0.34,0.21720128042,0.51984440603,0.29780687064
0.3,100,0.01,0.02,0.1,10000,0.65,0.2177314178,0.52032466591,0.2974592572
0.3,100,0.02,0.005,0.02,1000,0.19,0.24168985754,0.69144349894,0.29677464508
0.3,100,0.02,0.005,0.02,2000,0.31,0.24542541319,0.69734791767,0.29762796464
0.3,100,0.02,0.005,0.02,3000,0.5,0.24269291778,0.69903395504,0.29749538276
0.3,100,0.02,0.005,0.02,5000,0.62,0.24087222047,0.70182356506,0.29780687064
0.3,100,0.02,0.005,0.02,10000,0.95,0.24237071837,0.69938970559,0.2974592572
0.3,100,0.02,0.005,0.05,1000,0.28,0.38866306309,0.60014374742,0.29677464508
0.3,100,0.02,0.005,0.05,2000,0.48,0.39416721305,0.59572902826,0.29762796464
0.3,100,0.02,0.005,0.05,3000,0.62,0.39104263161,0.59793174943,0.29749538276
0.3,100,0.02,0.005,0.05,5000,0.87,0.39195915679,0.60132950585,0.29780687064
0.3,100,0.02,0.005,0.05,10000,0.99,0.39274371912,0.60139096691,0.2974592572
0.3,100,0.02,0.005,0.1,1000,0.31,0.52745781077,0.50827778382,0.29677464508
0.3,100,0.02,0.005,0.1,2000,0.54,0.54082039765,0.51426178104,0.29762796464
0.3,100,0.02,0.005,0.1,3000,0.64,0.53922527413,0.51458655065,0.29749538276
0.3,100,0.02,0.005,0.1,5000,0.92,0.54262177115,0.51599229312,0.29780687064
0.3,100,0.02,0.005,0.1,10000,1,0.5420449416,0.51644959341,0.2974592572
0.3,100,0.02,0.01,0.02,1000,0.1,0.13930563745,0.70588520146,0.29677464508
0.3,100,0.02,0.01,0.02,2000,0.18,0.13335055747,0.70739521934,0.29762796464
0.3,100,0.02,0.01,0.02,3000,0.22,0.13320594786,0.70737009262,0.29749538276
0.3,100,0.02,0.01,0.02,5000,0.41,0.13986792005,0.70858809272,0.29780687064
0.3,100,0.02,0.01,0.02,10000,0.77,0.13841898741,0.70570350636,0.2974592572
0.3,100,0.02,0.01,0.05,1000,0.12,0.24360935971,0.60488827603,0.29677464508
0.3,100,0.02,0.01,0.05,2000,0.22,0.24177947433,0.59973632647,0.29762796464
0.3,100,0.02,0.01,0.05,3000,0.49,0.24373370523,0.60149162091,0.29749538276
0.3,100,0.02,0.01,0.05,5000,0.66,0.25400666418,0.6033677322,0.29780687064
0.3,100,0.02,0.01,0.05,10000,0.94,0.25128120388,0.60431660816,0.2974592572
0.3,100,0.02,0.01,0.1,1000,0.26,0.37814116712,0.5093359384,0.29677464508
0.3,100,0.02,0.01,0.1,2000,0.42,0.37240901258,0.51478240965,0.29762796464
0.3,100,0.02,0.01,0.1,3000,0.63,0.38022651205,0.51564141315,0.29749538276
0.3,100,0.02,0.01,0.1,5000,0.86,0.38544627849,0.51658192872,0.29780687064
0.3,100,0.02,0.01,0.1,10000,0.99,0.3840738302,0.5167779408,0.2974592572
0.3,100,0.02,0.02,0.02,1000,0.13,0.08832455441,0.70597468507,0.29677464508
0.3,100,0.02,0.02,0.02,2000,0.21,0.08591832673,0.70281323,0.29762796464
0.3,100,0.02,0.02,0.02,3000,0.29,0.08722523759,0.70650019732,0.29749538276
0.3,100,0.02,0.02,0.02,5000,0.36,0.08501625541,0.71148419162,0.29780687064
0.3,100,0.02,0.02,0.02,10000,0.64,0.08552021741,0.71148060187,0.2974592572
0.3,100,0.02,0.02,0.05,1000,0.15,0.17171851428,0.60513540809,0.29677464508
0.3,100,0.02,0.02,0.05,2000,0.27,0.17134047138,0.60192032925,0.29762796464
0.3,100,0.02,0.02,0.05,3000,0.39,0.17235130342,0.6034196677,0.29749538276
0.3,100,0.02,0.02,0.05,5000,0.59,0.17155786145,0.60612951723,0.29780687064
0.3,100,0.02,0.02,0.05,10000,0.88,0.17087637533,0.60794612146,0.2974592572
0.3,100,0.02,0.02,0.1,1000,0.18,0.26905877835,0.51186770039,0.29677464508
0.3,100,0.02,0.02,0.1,2000,0.35,0.27527504431,0.51670984488,0.29762796464
0.3,100,0.02,0.02,0.1,3000,0.59,0.27914435871,0.51618187347,0.29749538276
0.3,100,0.02,0.02,0.1,5000,0.72,0.27761570036,0.5183226125,0.29780687064
0.3,100,0.02,0.02,0.1,10000,0.94,0.27985860474,0.51859371365,0.2974592572
0.3,100,0.03,0.005,0.02,1000,0.26,0.33811449338,0.6743784904,0.29677464508
0.3,100,0.03,0.005,0.02,2000,0.51,0.34132971788,0.67470744807,0.29762796464
0.3,100,0.03,0.005,0.02,3000,0.68,0.34517772074,0.67689896779,0.29749538276
0.3,100,0.03,0.005,0.02,5000,0.9,0.34792682053,0.67989669769,0.29780687064
0.3,100,0.03,0.005,0.02,10000,1,0.34794858323,0.67705880066,0.2974592572
0.3,100,0.03,0.005,0.05,1000,0.39,0.5112624065,0.5904714027,0.29677464508
0.3,100,0.03,0.005,0.05,2000,0.72,0.52188737027,0.58855459393,0.29762796464
0.3,100,0.03,0.005,0.05,3000,0.87,0.51781457896,0.59039172592,0.29749538276
0.3,100,0.03,0.005,0.05,5000,0.99,0.52225327568,0.59276840401,0.29780687064
0.3,100,0.03,0.005,0.05,10000,1,0.51908517188,0.59291867889,0.2974592572
0.3,100,0.03,0.005,0.1,1000,0.42,0.65688457304,0.50586271827,0.29677464508
0.3,100,0.03,0.005,0.1,2000,0.66,0.66217025836,0.51073584717,0.29762796464
0.3,100,0.03,0.005,0.1,3000,0.91,0.65857198212,0.51153351174,0.29749538276
0.3,100,0.03,0.005,0.1,5000,0.99,0.66288922382,0.51312563909,0.29780687064
0.3,100,0.03,0.005,0.1,10000,1,0.66563319753,0.51304672815,0.2974592572
0.3,100,0.03,0.01,0.02,1000,0.13,0.18690973986,0.69342699382,0.29677464508
0.3,100,0.03,0.01,0.02,2000,0.28,0.18207910232,0.69648737704,0.29762796464
0.3,100,0.03,0.01,0.02,3000,0.54,0.18422068839,0.6935851753,0.29749538276
0.3,100,0.03,0.01,0.02,5000,0.76,0.19072642282,0.69458853355,0.29780687064
0.3,100,0.03,0.01,0.02,10000,0.97,0.18966053667,0.69151235236,0.2974592572
0.3,100,0.03,0.01,0.05,1000,0.25,0.31850160068,0.59568793033,0.29677464508
0.3,100,0.03,0.01,0.05,2000,0.5,0.31573747614,0.59259910973,0.29762796464
0.3,100,0.03,0.01,0.05,3000,0.73,0.32024943035,0.59528233153,0.29749538276
0.3,100,0.03,0.01,0.05,5000,0.97,0.32744490061,0.59619174444,0.29780687064
0.3,100,0.03,0.01,0.05,10000,1,0.32691250265,0.59703083009,0.2974592572
0.3,100,0.03,0.01,0.1,1000,0.41,0.45700860186,0.50568743542,0.29677464508
0.3,100,0.03,0.01,0.1,2000,0.68,0.45738158408,0.51140525519,0.29762796464
0.3,100,0.03,0.01,0.1,3000,0.86,0.46520086672,0.51234540343,0.29749538276
0.3,100,0.03,0.01,0.1,5000,1,0.47046131824,0.51304387179,0.29780687064
0.3,100,0.03,0.01,0.1,10000,1,0.4706405853,0.51338846097,0.2974592572
0.3,100,0.03,0.02,0.02,1000,0.18,0.11124958049,0.6928404851,0.29677464508
0.3,100,0.03,0.02,0.02,2000,0.35,0.11020252779,0.69884944133,0.29762796464
0.3,100,0.03,0.02,0.02,3000,0.43,0.11107321207,0.69656853697,0.29749538276
0.3,100,0.03,0.02,0.02,5000,0.61,0.10943012523,0.70478308313,0.29780687064
0.3,100,0.03,0.02,0.02,10000,0.87,0.11086103283,0.7021934583,0.2974592572
0.3,100,0.03,0.02,0.05,1000,0.22,0.207962846,0.60145125691,0.29677464508
0.3,100,0.03,0.02,0.05,2000,0.5,0.21412074397,0.59681723083,0.29762796464
0.3,100,0.03,0.02,0.05,3000,0.64,0.21470758252,0.5976621687,0.29749538276
0.3,100,0.03,0.02,0.05,5000,0.83,0.21355592618,0.60093812367,0.29780687064
0.3,100,0.03,0.02,0.05,10000,0.97,0.21285206478,0.60326093904,0.2974592572
0.3,100,0.03,0.02,0.1,1000,0.29,0.32515075303,0.50991895556,0.29677464508
0.3,100,0.03,0.02,0.1,2000,0.58,0.33678170153,0.51260382397,0.29762796464
0.3,100,0.03,0.02,0.1,3000,0.79,0.33840202767,0.51346355444,0.29749538276
0.3,100,0.03,0.02,0.1,5000,0.93,0.33519608836,0.51515048987,0.29780687064
0.3,100,0.03,0.02,0.1,10000,1,0.33567196891,0.51588173894,0.2974592572
0.3,100,0.05,0.005,0.02,1000,0.48,0.52332806305,0.62285162755,0.29677464508
0.3,100,0.05,0.005,0.02,2000,0.84,0.54005104862,0.62580264047,0.29762796464
0.3,100,0.05,0.005,0.02,3000,0.96,0.53556701245,0.62674930529,0.29749538276
0.3,100,0.05,0.005,0.02,5000,1,0.53909121122,0.62689850754,0.29780687064
0.3,100,0.05,0.005,0.02,10000,1,0.53898220923,0.62330593348,0.2974592572
0.3,100,0.05,0.005,0.05,1000,0.68,0.71812514819,0.56982547305,0.29677464508
0.3,100,0.05,0.005,0.05,2000,0.93,0.71574909205,0.56984704,0.29762796464
0.3,100,0.05,0.005,0.05,3000,0.99,0.70975530652,0.57195632445,0.29749538276
0.3,100,0.05,0.005,0.05,5000,1,0.70917346079,0.57589559602,0.29780687064
0.3,100,0.05,0.005,0.05,10000,1,0.71392929407,0.57557262014,0.2974592572
0.3,100,0.05,0.005,0.1,1000,0.73,0.83988791357,0.49848303013,0.29677464508
0.3,100,0.05,0.005,0.1,2000,0.92,0.83759937924,0.50461546999,0.29762796464
0.3,100,0.05,0.005,0.1,3000,0.97,0.83283112102,0.50558124864,0.29749538276
0.3,100,0.05,0.005,0.1,5000,1,0.8291291027,0.50769479587,0.29780687064
0.3,100,0.05,0.005,0.1,10000,1,0.83051273484,0.50823235617,0.2974592572
0.3,100,0.05,0.01,0.02,1000,0.29,0.28060638034,0.65782040712,0.29677464508
0.3,100,0.05,0.01,0.02,2000,0.67,0.28248548496,0.65848254632,0.29762796464
0.3,100,0.05,0.01,0.02,3000,0.83,0.28396659945,0.65431292962,0.29749538276
0.3,100,0.05,0.01,0.02,5000,1,0.29175536521,0.65631897594,0.29780687064
0.3,100,0.05,0.01,0.02,10000,1,0.29083062901,0.65351203264,0.2974592572
0.3,100,0.05,0.01,0.05,1000,0.57,0.45056022673,0.57795948815,0.29677464508
0.3,100,0.05,0.01,0.05,2000,0.87,0.44927464013,0.5771833897,0.29762796464
0.3,100,0.05,0.01,0.05,3000,0.97,0.45520123225,0.57748084195,0.29749538276
0.3,100,0.05,0.01,0.05,5000,1,0.46207940053,0.57949025153,0.29780687064
0.3,100,0.05,0.01,0.05,10000,1,0.46124721694,0.58021371685,0.2974592572
0.3,100,0.05,0.01,0.1,1000,0.66,0.6066876617,0.49846905773,0.29677464508
0.3,100,0.05,0.01,0.1,2000,0.92,0.60498758798,0.50286245568,0.29762796464
0.3,100,0.05,0.01,0.1,3000,0.99,0.60701733211,0.50411801105,0.29749538276
0.3,100,0.05,0.01,0.1,5000,1,0.61129978067,0.50593749487,0.29780687064
0.3,100,0.05,0.01,0.1,10000,1,0.61433392856,0.50611989333,0.2974592572
0.3,100,0.05,0.02,0.02,1000,0.33,0.16002033004,0.6727970964,0.29677464508
0.3,100,0.05,0.02,0.02,2000,0.49,0.15926179526,0.67464993874,0.29762796464
0.3,100,0.05,0.02,0.02,3000,0.69,0.15898640478,0.67277382248,0.29749538276
0.3,100,0.05,0.02,0.02,5000,0.89,0.15782047593,0.67931695893,0.29780687064
0.3,100,0.05,0.02,0.02,10000,0.99,0.15992125418,0.67841230462,0.2974592572
0.3,100,0.05,0.02,0.05,1000,0.42,0.2831138626,0.59215350998,0.29677464508
0.3,100,0.05,0.02,0.05,2000,0.71,0.28650428023,0.58757682763,0.29762796464
0.3,100,0.05,0.02,0.05,3000,0.87,0.28792174819,0.586337903,0.29749538276
0.3,100,0.05,0.02,0.05,5000,1,0.28614672761,0.58946412207,0.29780687064
0.3,100,0.05,0.02,0.05,10000,1,0.28771675318,0.59191478607,0.2974592572
0.3,100,0.05,0.02,0.1,1000,0.53,0.41867642802,0.50342394375,0.29677464508
0.3,100,0.05,0.02,0.1,2000,0.84,0.42781452308,0.50740393992,0.29762796464
0.3,100,0.05,0.02,0.1,3000,0.96,0.43050069217,0.50815548434,0.29749538276
0.3,100,0.05,0.02,0.1,5000,1,0.43147726802,0.50882763291,0.29780687064
0.3,100,0.05,0.02,0.1,10000,1,0.4317797872,0.50895857101,0.2974592572
0.3,100,0.1,0.005,0.02,1000,0.87,0.85885170184,0.48936191378,0.29677464508
0.3,100,0.1,0.005,0.02,2000,0.97,0.85329460492,0.49852995145,0.29762796464
0.3,100,0.1,0.005,0.02,3000,1,0.85293964243,0.50072058416,0.29749538276
0.3,100,0.1,0.005,0.02,5000,1,0.85072629494,0.50548234998,0.29780687064
0.3,100,0.1,0.005,0.02,10000,1,0.85249078981,0.50273394235,0.2974592572
0.3,100,0.1,0.005,0.05,1000,0.91,0.94481909106,0.54369128063,0.29677464508
0.3,100,0.1,0.005,0.05,2000,0.98,0.94357207141,0.54448975503,0.29762796464
0.3,100,0.1,0.005,0.05,3000,1,0.94045138642,0.5473614724,0.29749538276
0.3,100,0.1,0.005,0.05,5000,1,0.94309082155,0.55031474995,0.29780687064
0.3,100,0.1,0.005,0.05,10000,1,0.94298419241,0.55245052265,0.2974592572
0.3,100,0.1,0.005,0.1,1000,0.85,0.97761704352,0.49784507483,0.29677464508
0.3,100,0.1,0.005,0.1,2000,0.96,0.97900625116,0.50631118829,0.29762796464
0.3,100,0.1,0.005,0.1,3000,1,0.97845431488,0.50772159337,0.29749538276
0.3,100,0.1,0.005,0.1,5000,1,0.978862955,0.50846918344,0.29780687064
0.3,100,0.1,0.005,0.1,10000,1,0.97846307444,0.50888608908,0.2974592572
0.3,100,0.1,0.01,0.02,1000,0.68,0.50221165804,0.53720888695,0.29677464508
0.3,100,0.1,0.01,0.02,2000,0.98,0.50603113065,0.53066785166,0.29762796464
0.3,100,0.1,0.01,0.02,3000,1,0.51383837117,0.52484618907,0.29749538276
0.3,100,0.1,0.01,0.02,5000,1,0.5160166016,0.53052931856,0.29780687064
0.3,100,0.1,0.01,0.02,10000,1,0.51760275017,0.5279952631,0.2974592572
0.3,100,0.1,0.01,0.05,1000,0.91,0.71354390251,0.52790566953,0.29677464508
0.3,100,0.1,0.01,0.05,2000,1,0.71069870432,0.52650487026,0.29762796464
0.3,100,0.1,0.01,0.05,3000,1,0.71479972114,0.52789832632,0.29749538276
0.3,100,0.1,0.01,0.05,5000,1,0.71684806914,0.53208791089,0.29780687064
0.3,100,0.1,0.01,0.05,10000,1,0.7183070521,0.53227280305,0.2974592572
0.3,100,0.1,0.01,0.1,1000,0.94,0.8472320406,0.48042014649,0.29677464508
0.3,100,0.1,0.01,0.1,2000,1,0.83997693163,0.4868152025,0.29762796464
0.3,100,0.1,0.01,0.1,3000,1,0.8386542114,0.48997812325,0.29749538276
0.3,100,0.1,0.01,0.1,5000,1,0.83904167334,0.49207719448,0.29780687064
0.3,100,0.1,0.01,0.1,10000,1,0.84171988069,0.49157238654,0.2974592572
0.3,100,0.1,0.02,0.02,1000,0.51,0.26451937716,0.60274957863,0.29677464508
0.3,100,0.1,0.02,0.02,2000,0.8,0.27103054329,0.593983673,0.29762796464
0.3,100,0.1,0.02,0.02,3000,0.96,0.27265042734,0.58687887831,0.29749538276
0.3,100,0.1,0.02,0.02,5000,0.99,0.26898402187,0.59587172708,0.29780687064
0.3,100,0.1,0.02,0.02,10000,1,0.27039670282,0.59689115135,0.2974592572
0.3,100,0.1,0.02,0.05,1000,0.79,0.4436408612,0.54997377205,0.29677464508
0.3,100,0.1,0.02,0.05,2000,0.98,0.44982757635,0.54705700858,0.29762796464
0.3,100,0.1,0.02,0.05,3000,1,0.45181358733,0.54466499978,0.29749538276
0.3,100,0.1,0.02,0.05,5000,1,0.45393962625,0.54679492436,0.29780687064
0.3,100,0.1,0.02,0.05,10000,1,0.45419085064,0.54782054682,0.2974592572
0.3,100,0.1,0.02,0.1,1000,0.88,0.60833691161,0.48373132836,0.29677464508
0.3,100,0.1,0.02,0.1,2000,0.99,0.61010207972,0.48895026296,0.29762796464
0.3,100,0.1,0.02,0.1,3000,1,0.61286195231,0.4896296228,0.29749538276
0.3,100,0.1,0.02,0.1,5000,1,0.61653405139,0.48998420678,0.29780687064
0.3,100,0.1,0.02,0.1,10000,1,0.6185049126,0.48939947059,0.2974592572
0.4,100,0.01,0.005,0.02,1000,0.08,0.12440672604,0.95313214808,0.39569952678
0.4,100,0.01,0.005,0.02,2000,0.12,0.13515635071,0.94956938988,0.39683728616
0.4,100,0.01,0.005,0.02,3000,0.22,0.13604177951,0.95246811235,0.3966605104
0.4,100,0.01,0.005,0.02,5000,0.34,0.13926397454,0.95383104928,0.39707582754
0.4,100,0.01,0.005,0.02,10000,0.66,0.13563689433,0.95233698352,0.39661234288
0.4,100,0.01,0.005,0.05,1000,0.16,0.25781092519,0.80614852652,0.39569952678
0.4,100,0.01,0.005,0.05,2000,0.26,0.25487499588,0.80765577284,0.39683728616
0.4,100,0.01,0.005,0.05,3000,0.35,0.24802299106,0.80891689382,0.3966605104
0.4,100,0.01,0.005,0.05,5000,0.53,0.24829216441,0.81344598221,0.39707582754
0.4,100,0.01,0.005,0.05,10000,0.91,0.24958139755,0.81322767256,0.39661234288
0.4,100,0.01,0.005,0.1,1000,0.22,0.37053094927,0.67986534033,0.39569952678
0.4,100,0.01,0.005,0.1,2000,0.34,0.37632266964,0.68960992458,0.39683728616
0.4,100,0.01,0.005,0.1,3000,0.47,0.37427547797,0.68995315639,0.3966605104
0.4,100,0.01,0.005,0.1,5000,0.66,0.37686109987,0.69212755352,0.39707582754
0.4,100,0.01,0.005,0.1,10000,0.99,0.37779687494,0.6918128627,0.39661234288
0.4,100,0.01,0.01,0.02,1000,0.07,0.08913614379,0.95761225418,0.39569952678
0.4,100,0.01,0.01,0.02,2000,0.09,0.08466926854,0.95298189863,0.39683728616
0.4,100,0.01,0.01,0.02,3000,0.17,0.08313150803,0.95507927146,0.3966605104
0.4,100,0.01,0.01,0.02,5000,0.28,0.08621225626,0.95596479615,0.39707582754
0.4,100,0.01,0.01,0.02,10000,0.47,0.08546930669,0.95651237599,0.39661234288
0.4,100,0.01,0.01,0.05,1000,0.02,0.17323585321,0.80786133568,0.39569952678
0.4,100,0.01,0.01,0.05,2000,0.12,0.16511978664,0.80855425924,0.39683728616
0.4,100,0.01,0.01,0.05,3000,0.23,0.16373524948,0.80976082167,0.3966605104
0.4,100,0.01,0.01,0.05,5000,0.44,0.17246242585,0.81375307409,0.39707582754
0.4,100,0.01,0.01,0.05,10000,0.77,0.16988747677,0.81403036021,0.39661234288
0.4,100,0.01,0.01,0.1,1000,0.1,0.27191216059,0.68244199478,0.39569952678
0.4,100,0.01,0.01,0.1,2000,0.2,0.26889109319,0.69044945804,0.39683728616
0.4,100,0.01,0.01,0.1,3000,0.39,0.27414970143,0.69075002654,0.3966605104
0.4,100,0.01,0.01,0.1,5000,0.57,0.28045041554,0.69182827684,0.39707582754
0.4,100,0.01,0.01,0.1,10000,0.92,0.27719836696,0.69225541529,0.39661234288
0.4,100,0.01,0.02,0.02,1000,0.05,0.05508502527,0.96197076806,0.39569952678
0.4,100,0.01,0.02,0.02,2000,0.12,0.05704056942,0.95561423868,0.39683728616
0.4,100,0.01,0.02,0.02,3000,0.15,0.05813763747,0.95247347413,0.3966605104
0.4,100,0.01,0.02,0.02,5000,0.24,0.05782495468,0.95656831225,0.39707582754
0.4,100,0.01,0.02,0.02,10000,0.47,0.05918902043,0.95657988024,0.39661234288
0.4,100,0.01,0.02,0.05,1000,0.16,0.12585987561,0.81011540078,0.39569952678
0.4,100,0.01,0.02,0.05,2000,0.19,0.12481208481,0.80844438406,0.39683728616
0.4,100,0.01,0.02,0.05,3000,0.28,0.12587995027,0.80909605529,0.3966605104
0.4,100,0.01,0.02,0.05,5000,0.35,0.12403004344,0.81544637877,0.39707582754
0.4,100,0.01,0.02,0.05,10000,0.69,0.12521214188,0.81599676471,0.39661234288
0.4,100,0.01,0.02,0.1,1000,0.17,0.2145597054,0.68228698684,0.39569952678
0.4,100,0.01,0.02,0.1,2000,0.27,0.21778690741,0.69002041866,0.39683728616
0.4,100,0.01,0.02,0.1,3000,0.45,0.21859732801,0.69103266714,0.3966605104
0.4,100,0.01,0.02,0.1,5000,0.55,0.21594042833,0.69317108549,0.39707582754
0.4,100,0.01,0.02,0.1,10000,0.82,0.21757450651,0.69284916017,0.39661234288
0.4,100,0.02,0.005,0.02,1000,0.19,0.24211877115,0.92807367784,0.39569952678
0.4,100,0.02,0.005,0.02,2000,0.46,0.24392876924,0.92913693298,0.39683728616
0.4,100,0.02,0.005,0.02,3000,0.58,0.23843085176,0.93105234181,0.3966605104
0.4,100,0.02,0.005,0.02,5000,0.84,0.24141593011,0.93548151401,0.39707582754
0.4,100,0.02,0.005,0.02,10000,0.99,0.2439496106,0.93087509493,0.39661234288
0.4,100,0.02,0.005,0.05,1000,0.37,0.38899035915,0.7957048114,0.39569952678
0.4,100,0.02,0.005,0.05,2000,0.64,0.39638127271,0.79919916706,0.39683728616
0.4,100,0.02,0.005,0.05,3000,0.79,0.39197051682,0.79863069523,0.3966605104
0.4,100,0.02,0.005,0.05,5000,0.94,0.3978169693,0.80284040487,0.39707582754
0.4,100,0.02,0.005,0.05,10000,1,0.39401794716,0.80320677321,0.39661234288
0.4,100,0.02,0.005,0.1,1000,0.41,0.53838511036,0.67502639473,0.39569952678
0.4,100,0.02,0.005,0.1,2000,0.68,0.54515766126,0.68511265133,0.39683728616
0.4,100,0.02,0.005,0.1,3000,0.86,0.54520362456,0.68495702584,0.3966605104
0.4,100,0.02,0.005,0.1,5000,0.99,0.54778214486,0.68695833357,0.39707582754
0.4,100,0.02,0.005,0.1,10000,1,0.54471968451,0.68705764931,0.39661234288
0.4,100,0.02,0.01,0.02,1000,0.1,0.14222779997,0.93894452149,0.39569952678
0.4,100,0.02,0.01,0.02,2000,0.24,0.13758276565,0.94066888363,0.39683728616
0.4,100,0.02,0.01,0.02,3000,0.42,0.13500244,0.94135383042,0.3966605104
0.4,100,0.02,0.01,0.02,5000,0.67,0.13843602158,0.94214204731,0.39707582754
0.4,100,0.02,0.01,0.02,10000,0.91,0.13677269582,0.94219710822,0.39661234288
0.4,100,0.02,0.01,0.05,1000,0.19,0.24609028398,0.80134578155,0.39569952678
0.4,100,0.02,0.01,0.05,2000,0.41,0.24079339688,0.80322896616,0.39683728616
0.4,100,0.02,0.01,0.05,3000,0.62,0.24687493961,0.80380465932,0.3966605104
0.4,100,0.02,0.01,0.05,5000,0.9,0.25563023894,0.80610378264,0.39707582754
0.4,100,0.02,0.01,0.05,10000,1,0.25118752628,0.80699029582,0.39661234288
0.4,100,0.02,0.01,0.1,1000,0.32,0.37518117268,0.67868274541,0.39569952678
0.4,100,0.02,0.01,0.1,2000,0.58,0.36675805967,0.6859304774,0.39683728616
0.4,100,0.02,0.01,0.1,3000,0.76,0.37585802993,0.68651789833,0.3966605104
0.4,100,0.02,0.01,0.1,5000,0.97,0.38277549612,0.68794751531,0.39707582754
0.4,100,0.02,0.01,0.1,10000,1,0.3819548621,0.68835985224,0.39661234288
0.4,100,0.02,0.02,0.02,1000,0.17,0.0851171407,0.94561015372,0.39569952678
0.4,100,0.02,0.02,0.02,2000,0.28,0.08515095215,0.93988342787,0.39683728616
0.4,100,0.02,0.02,0.02,3000,0.41,0.08641782323,0.94080642071,0.3966605104
0.4,100,0.02,0.02,0.02,5000,0.51,0.08480926217,0.94723647706,0.39707582754
0.4,100,0.02,0.02,0.02,10000,0.76,0.08520672063,0.94911531165,0.39661234288
0.4,100,0.02,0.02,0.05,1000,0.29,0.17618446135,0.8019594822,0.39569952678
0.4,100,0.02,0.02,0.05,2000,0.38,0.17319413296,0.80422796,0.39683728616
0.4,100,0.02,0.02,0.05,3000,0.53,0.1732826078,0.8035513999,0.3966605104
0.4,100,0.02,0.02,0.05,5000,0.79,0.17147416612,0.81022578984,0.39707582754
0.4,100,0.02,0.02,0.05,10000,0.94,0.17159282078,0.81074676417,0.39661234288
0.4,100,0.02,0.02,0.1,1000,0.29,0.27427151375,0.68107865386,0.39569952678
0.4,100,0.02,0.02,0.1,2000,0.54,0.27928470606,0.68731053546,0.39683728616
0.4,100,0.02,0.02,0.1,3000,0.72,0.28233768052,0.68759230269,0.3966605104
0.4,100,0.02,0.02,0.1,5000,0.88,0.27955682498,0.69002302513,0.39707582754
0.4,100,0.02,0.02,0.1,10000,0.99,0.2811115902,0.69028120055,0.39661234288
0.4,100,0.03,0.005,0.02,1000,0.31,0.34338805315,0.89468208127,0.39569952678
0.4,100,0.03,0.005,0.02,2000,0.65,0.34272090326,0.9000276839,0.39683728616
0.4,100,0.03,0.005,0.02,3000,0.84,0.34165327115,0.90297942941,0.3966605104
0.4,100,0.03,0.005,0.02,5000,0.98,0.34650208275,0.90437824656,0.39707582754
0.4,100,0.03,0.005,0.02,10000,1,0.34542246206,0.90254983393,0.39661234288
0.4,100,0.03,0.005,0.05,1000,0.54,0.51589929632,0.78442254346,0.39569952678
0.4,100,0.03,0.005,0.05,2000,0.82,0.52594432974,0.78884985689,0.39683728616
0.4,100,0.03,0.005,0.05,3000,0.97,0.52280778575,0.78705696957,0.3966605104
0.4,100,0.03,0.005,0.05,5000,1,0.52309433238,0.79156481221,0.39707582754
0.4,100,0.03,0.005,0.05,10000,1,0.52111807498,0.79083440477,0.39661234288
0.4,100,0.03,0.005,0.1,1000,0.58,0.66027278776,0.67126161354,0.39569952678
0.4,100,0.03,0.005,0.1,2000,0.86,0.65677985208,0.6812167222,0.39683728616
0.4,100,0.03,0.005,0.1,3000,0.94,0.65192374984,0.68129290013,0.3966605104
0.4,100,0.03,0.005,0.1,5000,0.99,0.6589633277,0.68372622195,0.39707582754
0.4,100,0.03,0.005,0.1,10000,1,0.66558234061,0.6830098889,0.39661234288
0.4,100,0.03,0.01,0.02,1000,0.19,0.19249197526,0.92245689195,0.39569952678
0.4,100,0.03,0.01,0.02,2000,0.51,0.1865462786,0.92415363222,0.39683728616
0.4,100,0.03,0.01,0.02,3000,0.74,0.18536560578,0.92278327,0.3966605104
0.4,100,0.03,0.01,0.02,5000,0.93,0.19218835245,0.92314616542,0.39707582754
0.4,100,0.03,0.01,0.02,10000,0.99,0.19087965752,0.92047862422,0.39661234288
0.4,100,0.03,0.01,0.05,1000,0.36,0.31953749489,0.7920180969,0.39569952678
0.4,100,0.03,0.01,0.05,2000,0.73,0.31760819086,0.79525692224,0.39683728616
0.4,100,0.03,0.01,0.05,3000,0.86,0.32347184938,0.79545027655,0.3966605104
0.4,100,0.03,0.01,0.05,5000,1,0.32817521332,0.79747578769,0.39707582754
0.4,100,0.03,0.01,0.05,10000,1,0.32718719791,0.7976494243,0.39661234288
0.4,100,0.03,0.01,0.1,1000,0.5,0.46328351374,0.67478855962,0.39569952678
0.4,100,0.03,0.01,0.1,2000,0.8,0.45924296741,0.68146061284,0.39683728616
0.4,100,0.03,0.01,0.1,3000,0.95,0.46548208159,0.68144049486,0.3966605104
0.4,100,0.03,0.01,0.1,5000,1,0.47147466789,0.6829673386,0.39707582754
0.4,100,0.03,0.01,0.1,10000,1,0.47166299199,0.68359369044,0.39661234288
0.4,100,0.03,0.02,0.02,1000,0.24,0.11329313074,0.92806251562,0.39569952678
0.4,100,0.03,0.02,0.02,2000,0.38,0.11097509602,0.92521684251,0.39683728616
0.4,100,0.03,0.02,0.02,3000,0.51,0.11076382356,0.92803845982,0.3966605104
0.4,100,0.03,0.02,0.02,5000,0.81,0.1092878616,0.93360479328,0.39707582754
0.4,100,0.03,0.02,0.02,10000,0.96,0.11078437532,0.93621764688,0.39661234288
0.4,100,0.03,0.02,0.05,1000,0.35,0.21226799185,0.80043217531,0.39569952678
0.4,100,0.03,0.02,0.05,2000,0.59,0.21402441892,0.79882795744,0.39683728616
0.4,100,0.03,0.02,0.05,3000,0.75,0.21333768209,0.79803152682,0.3966605104
0.4,100,0.03,0.02,0.05,5000,0.96,0.21202695556,0.80389172896,0.39707582754
0.4,100,0.03,0.02,0.05,10000,1,0.21302297415,0.80395820961,0.39661234288
0.4,100,0.03,0.02,0.1,1000,0.41,0.32301782952,0.67773180566,0.39569952678
0.4,100,0.03,0.02,0.1,2000,0.76,0.33552493091,0.68457528473,0.39683728616
0.4,100,0.03,0.02,0.1,3000,0.86,0.33682969313,0.68415017118,0.3966605104
0.4,100,0.03,0.02,0.1,5000,0.99,0.3351248809,0.68610033432,0.39707582754
0.4,100,0.03,0.02,0.1,10000,1,0.33515974375,0.68650641811,0.39661234288
0.4,100,0.05,0.005,0.02,1000,0.66,0.53193252289,0.82558630277,0.39569952678
0.4,100,0.05,0.005,0.02,2000,0.93,0.54082684565,0.83099266987,0.39683728616
0.4,100,0.05,0.005,0.02,3000,0.99,0.53823362378,0.83029275521,0.3966605104
0.4,100,0.05,0.005,0.02,5000,1,0.54180819587,0.83513247915,0.39707582754
0.4,100,0.05,0.005,0.02,10000,1,0.5399151776,0.83148226735,0.39661234288
0.4,100,0.05,0.005,0.05,1000,0.83,0.711911081,0.76090518245,0.39569952678
0.4,100,0.05,0.005,0.05,2000,0.96,0.70877174346,0.76626115058,0.39683728616
0.4,100,0.05,0.005,0.05,3000,1,0.70688121549,0.76579577455,0.3966605104
0.4,100,0.05,0.005,0.05,5000,1,0.71040599678,0.7696085959,0.39707582754
0.4,100,0.05,0.005,0.05,10000,1,0.71459594786,0.76820489073,0.39661234288
0.4,100,0.05,0.005,0.1,1000,0.82,0.84041234277,0.6615601782,0.39569952678
0.4,100,0.05,0.005,0.1,2000,0.93,0.83890694958,0.67197463616,0.39683728616
0.4,100,0.05,0.005,0.1,3000,1,0.83415656189,0.67323310629,0.3966605104
0.4,100,0.05,0.005,0.1,5000,1,0.8322444696,0.67584032981,0.39707582754
0.4,100,0.05,0.005,0.1,10000,1,0.82956248187,0.67617792964,0.39661234288
0.4,100,0.05,0.01,0.02,1000,0.45,0.27979367804,0.8792454536,0.39569952678
0.4,100,0.05,0.01,0.02,2000,0.81,0.28001175977,0.88216900793,0.39683728616
0.4,100,0.05,0.01,0.02,3000,0.95,0.28374341769,0.87625370791,0.3966605104
0.4,100,0.05,0.01,0.02,5000,1,0.29201474654,0.87631864941,0.39707582754
0.4,100,0.05,0.01,0.02,10000,1,0.29153111488,0.87186718185,0.39661234288
0.4,100,0.05,0.01,0.05,1000,0.67,0.4554998666,0.7691480854,0.39569952678
0.4,100,0.05,0.01,0.05,2000,0.94,0.45089366337,0.77058152179,0.39683728616
0.4,100,0.05,0.01,0.05,3000,0.99,0.4567823202,0.77081733399,0.3966605104
0.4,100,0.05,0.01,0.05,5000,1,0.46203606538,0.77394625242,0.39707582754
0.4,100,0.05,0.01,0.05,10000,1,0.46154815714,0.7740588124,0.39661234288
0.4,100,0.05,0.01,0.1,1000,0.76,0.61352177832,0.66287935268,0.39569952678
0.4,100,0.05,0.01,0.1,2000,0.98,0.60358599072,0.67185208033,0.39683728616
0.4,100,0.05,0.01,0.1,3000,0.99,0.60749615362,0.67235458618,0.3966605104
0.4,100,0.05,0.01,0.1,5000,1,0.6120519942,0.67369181722,0.39707582754
0.4,100,0.05,0.01,0.1,10000,1,0.61326720926,0.67385330411,0.39661234288
0.4,100,0.05,0.02,0.02,1000,0.38,0.16077275592,0.899930055,0.39569952678
0.4,100,0.05,0.02,0.02,2000,0.65,0.15946560594,0.90170071223,0.39683728616
0.4,100,0.05,0.02,0.02,3000,0.84,0.15960093499,0.89958846163,0.3966605104
0.4,100,0.05,0.02,0.02,5000,0.95,0.15836837272,0.90589822113,0.39707582754
0.4,100,0.05,0.02,0.02,10000,1,0.15971246498,0.90505069855,0.39661234288
0.4,100,0.05,0.02,0.05,1000,0.55,0.2862602107,0.78135565117,0.39569952678
0.4,100,0.05,0.02,0.05,2000,0.83,0.2900085807,0.78082938237,0.39683728616
0.4,100,0.05,0.02,0.05,3000,0.98,0.29130186485,0.78176436404,0.3966605104
0.4,100,0.05,0.02,0.05,5000,1,0.28906410192,0.78671997958,0.39707582754
0.4,100,0.05,0.02,0.05,10000,1,0.28855327009,0.7875704947,0.39661234288
0.4,100,0.05,0.02,0.1,1000,0.7,0.4181934768,0.66809649453,0.39569952678
0.4,100,0.05,0.02,0.1,2000,0.93,0.42824773852,0.67569461593,0.39683728616
0.4,100,0.05,0.02,0.1,3000,0.99,0.42890662925,0.67546042649,0.3966605104
0.4,100,0.05,0.02,0.1,5000,1,0.43133842939,0.67635484014,0.39707582754
0.4,100,0.05,0.02,0.1,10000,1,0.43095081925,0.67686415062,0.39661234288
0.4,100,0.1,0.005,0.02,1000,0.96,0.85557081605,0.66013212785,0.39569952678
0.4,100,0.1,0.005,0.02,2000,1,0.8565196288,0.66424362896,0.39683728616
0.4,100,0.1,0.005,0.02,3000,1,0.85592483391,0.66620068737,0.3966605104
0.4,100,0.1,0.005,0.02,5000,1,0.85290148134,0.67567202164,0.39707582754
0.4,100,0.1,0.005,0.02,10000,1,0.85239851518,0.67228195649,0.39661234288
0.4,100,0.1,0.005,0.05,1000,0.96,0.95182810368,0.72324182632,0.39569952678
0.4,100,0.1,0.005,0.05,2000,0.99,0.94788696851,0.73148956016,0.39683728616
0.4,100,0.1,0.005,0.05,3000,1,0.94417265486,0.73198257741,0.3966605104
0.4,100,0.1,0.005,0.05,5000,1,0.94554333319,0.73645047569,0.39707582754
0.4,100,0.1,0.005,0.05,10000,1,0.94313633572,0.73622992544,0.39661234288
0.4,100,0.1,0.005,0.1,1000,0.94,0.97688652404,0.66282035486,0.39569952678
0.4,100,0.1,0.005,0.1,2000,0.98,0.97716376346,0.67354672627,0.39683728616
0.4,100,0.1,0.005,0.1,3000,1,0.97816510506,0.67472125939,0.3966605104
0.4,100,0.1,0.005,0.1,5000,1,0.97849045767,0.67691898451,0.39707582754
0.4,100,0.1,0.005,0.1,10000,1,0.9783260076,0.67758134032,0.39661234288
0.4,100,0.1,0.01,0.02,1000,0.86,0.50568561046,0.71402815701,0.39569952678
0.4,100,0.1,0.01,0.02,2000,1,0.50561313687,0.71340356844,0.39683728616
0.4,100,0.1,0.01,0.02,3000,1,0.51055566947,0.7064939867,0.3966605104
0.4,100,0.1,0.01,0.02,5000,1,0.51506552266,0.7089759732,0.39707582754
0.4,100,0.1,0.01,0.02,10000,1,0.51788722268,0.70615165384,0.39661234288
0.4,100,0.1,0.01,0.05,1000,0.99,0.7171403691,0.70527537145,0.39569952678
0.4,100,0.1,0.01,0.05,2000,1,0.71502161039,0.7017179425,0.39683728616
0.4,100,0.1,0.01,0.05,3000,1,0.71521035608,0.70339259857,0.3966605104
0.4,100,0.1,0.01,0.05,5000,1,0.71569435105,0.71114100555,0.39707582754
0.4,100,0.1,0.01,0.05,10000,1,0.71812337489,0.71011303309,0.39661234288
0.4,100,0.1,0.01,0.1,1000,0.98,0.84534965225,0.64356818217,0.39569952678
0.4,100,0.1,0.01,0.1,2000,1,0.83617504181,0.64966407964,0.39683728616
0.4,100,0.1,0.01,0.1,3000,1,0.83442727655,0.65172661951,0.3966605104
0.4,100,0.1,0.01,0.1,5000,1,0.83786730829,0.65482026874,0.39707582754
0.4,100,0.1,0.01,0.1,10000,1,0.84148084726,0.65420257046,0.39661234288
0.4,100,0.1,0.02,0.02,1000,0.63,0.26470521255,0.79929489505,0.39569952678
0.4,100,0.1,0.02,0.02,2000,0.97,0.27414255993,0.7872000787,0.39683728616
0.4,100,0.1,0.02,0.02,3000,1,0.27193732285,0.78782566491,0.3966605104
0.4,100,0.1,0.02,0.02,5000,1,0.27004088276,0.79483555448,0.39707582754
0.4,100,0.1,0.02,0.02,10000,1,0.27136996459,0.79510723211,0.39661234288
0.4,100,0.1,0.02,0.05,1000,0.94,0.45076842112,0.72857811944,0.39569952678
0.4,100,0.1,0.02,0.05,2000,1,0.45481028828,0.72588137059,0.39683728616
0.4,100,0.1,0.02,0.05,3000,1,0.45416542713,0.72550376877,0.3966605104
0.4,100,0.1,0.02,0.05,5000,1,0.45619745776,0.72753604021,0.39707582754
0.4,100,0.1,0.02,0.05,10000,1,0.45554110517,0.72963597945,0.39661234288
0.4,100,0.1,0.02,0.1,1000,0.97,0.60682507489,0.6434509399,0.39569952678
0.4,100,0.1,0.02,0.1,2000,1,0.60798504041,0.65130432036,0.39683728616
0.4,100,0.1,0.02,0.1,3000,1,0.61168634493,0.65017360257,0.3966605104
0.4,100,0.1,0.02,0.1,5000,1,0.61620224283,0.65096594898,0.39707582754
0.4,100,0.1,0.02,0.1,10000,1,0.61831269994,0.65092994722,0.39661234288
0.5,100,0.01,0.005,0.02,1000,0.12,0.12288866241,1.19734197569,0.49462440849
0.5,100,0.01,0.005,0.02,2000,0.19,0.1383329874,1.18782679074,0.49604660768
0.5,100,0.01,0.005,0.02,3000,0.29,0.13796058554,1.18858862113,0.495825638
0.5,100,0.01,0.005,0.02,5000,0.51,0.13658532945,1.19566103655,0.49634478441
0.5,100,0.01,0.005,0.02,10000,0.8,0.13567517052,1.1917198741,0.49576542858
0.5,100,0.01,0.005,0.05,1000,0.19,0.25643306223,1.0074582843,0.49462440849
0.5,100,0.01,0.005,0.05,2000,0.42,0.25215586025,1.01207265013,0.49604660768
0.5,100,0.01,0.005,0.05,3000,0.46,0.2456519186,1.01292405084,0.495825638
0.5,100,0.01,0.005,0.05,5000,0.64,0.24977663197,1.01647474996,0.49634478441
0.5,100,0.01,0.005,0.05,10000,0.98,0.25061976282,1.01598750636,0.49576542858
0.5,100,0.01,0.005,0.1,1000,0.23,0.37516394943,0.85267419857,0.49462440849
0.5,100,0.01,0.005,0.1,2000,0.44,0.3821992951,0.8592583822,0.49604660768
0.5,100,0.01,0.005,0.1,3000,0.61,0.37700724964,0.8603884201,0.495825638
0.5,100,0.01,0.005,0.1,5000,0.85,0.37893950676,0.8637196706,0.49634478441
0.5,100,0.01,0.005,0.1,10000,1,0.37697583217,0.86455590096,0.49576542858
0.5,100,0.01,0.01,0.02,1000,0.04,0.08575439721,1.19895838036,0.49462440849
0.5,100,0.01,0.01,0.02,2000,0.16,0.08419333664,1.19266198822,0.49604660768
0.5,100,0.01,0.01,0.02,3000,0.21,0.08381313172,1.19296373488,0.495825638
0.5,100,0.01,0.01,0.02,5000,0.35,0.08664800708,1.19827993092,0.49634478441
0.5,100,0.01,0.01,0.02,10000,0.67,0.08579003637,1.19594650588,0.49576542858
0.5,100,0.01,0.01,0.05,1000,0.11,0.17629474219,1.00857855025,0.49462440849
0.5,100,0.01,0.01,0.05,2000,0.24,0.16569775415,1.01426655782,0.49604660768
0.5,100,0.01,0.01,0.05,3000,0.34,0.1643255432,1.01411222001,0.495825638
0.5,100,0.01,0.01,0.05,5000,0.61,0.17217700086,1.01665457207,0.49634478441
0.5,100,0.01,0.01,0.05,10000,0.89,0.16943967198,1.01750640373,0.49576542858
0.5,100,0.01,0.01,0.1,1000,0.16,0.27100007777,0.85494828221,0.49462440849
0.5,100,0.01,0.01,0.1,2000,0.29,0.26855992466,0.86102001636,0.49604660768
0.5,100,0.01,0.01,0.1,3000,0.47,0.27280415862,0.86191859872,0.495825638
0.5,100,0.01,0.01,0.1,5000,0.78,0.28035249146,0.86406847586,0.49634478441
0.5,100,0.01,0.01,0.1,10000,0.96,0.27715864853,0.86535405261,0.49576542858
0.5,100,0.01,0.02,0.02,1000,0.07,0.05640583709,1.21081043243,0.49462440849
0.5,100,0.01,0.02,0.02,2000,0.08,0.05447210046,1.19569199779,0.49604660768
0.5,100,0.01,0.02,0.02,3000,0.22,0.05689717817,1.19434181504,0.495825638
0.5,100,0.01,0.02,0.02,5000,0.26,0.05707149979,1.19944238167,0.49634478441
0.5,100,0.01,0.02,0.02,10000,0.5,0.05867728942,1.19760444873,0.49576542858
0.5,100,0.01,0.02,0.05,1000,0.17,0.12877783185,1.00872627793,0.49462440849
0.5,100,0.01,0.02,0.05,2000,0.25,0.12565387791,1.01364161592,0.49604660768
0.5,100,0.01,0.02,0.05,3000,0.33,0.12541632774,1.01336758685,0.495825638
0.5,100,0.01,0.02,0.05,5000,0.52,0.12394087754,1.01898088007,0.49634478441
0.5,100,0.01,0.02,0.05,10000,0.85,0.12482883745,1.01906463873,0.49576542858
0.5,100,0.01,0.02,0.1,1000,0.23,0.21766887606,0.85435015183,0.49462440849
0.5,100,0.01,0.02,0.1,2000,0.39,0.218941963,0.86049561687,0.49604660768
0.5,100,0.01,0.02,0.1,3000,0.53,0.21960959896,0.86115857741,0.495825638
0.5,100,0.01,0.02,0.1,5000,0.69,0.21666403256,0.86459825304,0.49634478441
0.5,100,0.01,0.02,0.1,10000,0.91,0.21769518563,0.86590313675,0.49576542858
0.5,100,0.02,0.005,0.02,1000,0.26,0.23772093695,1.17097359728,0.49462440849
0.5,100,0.02,0.005,0.02,2000,0.61,0.24789288004,1.16306963186,0.49604660768
0.5,100,0.02,0.005,0.02,3000,0.72,0.24235026482,1.16159420291,0.495825638
0.5,100,0.02,0.005,0.02,5000,0.92,0.24605859901,1.16763169599,0.49634478441
0.5,100,0.02,0.005,0.02,10000,1,0.24605583099,1.16446692346,0.49576542858
0.5,100,0.02,0.005,0.05,1000,0.4,0.3961060792,0.99290147194,0.49462440849
0.5,100,0.02,0.005,0.05,2000,0.76,0.40374970078,0.99740290354,0.49604660768
0.5,100,0.02,0.005,0.05,3000,0.93,0.39875729628,0.99816238731,0.495825638
0.5,100,0.02,0.005,0.05,5000,0.99,0.39970909208,1.00319368322,0.49634478441
0.5,100,0.02,0.005,0.05,10000,1,0.39601198212,1.0030851972,0.49576542858
0.5,100,0.02,0.005,0.1,1000,0.53,0.54211506098,0.84660694509,0.49462440849
0.5,100,0.02,0.005,0.1,2000,0.83,0.54596116393,0.85449345356,0.49604660768
0.5,100,0.02,0.005,0.1,3000,0.93,0.54250354688,0.85485493393,0.495825638
0.5,100,0.02,0.005,0.1,5000,1,0.54693229302,0.85813014599,0.49634478441
0.5,100,0.02,0.005,0.1,10000,1,0.54325214636,0.85900784291,0.49576542858
0.5,100,0.02,0.01,0.02,1000,0.19,0.14290759621,1.17904452248,0.49462440849
0.5,100,0.02,0.01,0.02,2000,0.4,0.13806790696,1.17191352263,0.49604660768
0.5,100,0.02,0.01,0.02,3000,0.59,0.13489342476,1.1730490227,0.495825638
0.5,100,0.02,0.01,0.02,5000,0.86,0.13979158145,1.17901851397,0.49634478441
0.5,100,0.02,0.01,0.02,10000,0.97,0.13729091349,1.17835242147,0.49576542858
0.5,100,0.02,0.01,0.05,1000,0.32,0.25066409014,0.99811392831,0.49462440849
0.5,100,0.02,0.01,0.05,2000,0.59,0.24649346474,1.00525288875,0.49604660768
0.5,100,0.02,0.01,0.05,3000,0.8,0.24770231756,1.00510936024,0.495825638
0.5,100,0.02,0.01,0.05,5000,0.99,0.25545889486,1.00771971377,0.49634478441
0.5,100,0.02,0.01,0.05,10000,1,0.25138227378,1.0088141004,0.49576542858
0.5,100,0.02,0.01,0.1,1000,0.4,0.37560019238,0.85172472163,0.49462440849
0.5,100,0.02,0.01,0.1,2000,0.74,0.36864179749,0.85685609009,0.49604660768
0.5,100,0.02,0.01,0.1,3000,0.91,0.37691479048,0.85769285949,0.495825638
0.5,100,0.02,0.01,0.1,5000,0.99,0.38284924377,0.85949205295,0.49634478441
0.5,100,0.02,0.01,0.1,10000,1,0.38301316368,0.86027187739,0.49576542858
0.5,100,0.02,0.02,0.02,1000,0.16,0.08350585768,1.19309653123,0.49462440849
0.5,100,0.02,0.02,0.02,2000,0.3,0.08368779544,1.18405977674,0.49604660768
0.5,100,0.02,0.02,0.02,3000,0.42,0.08508464279,1.17703706459,0.495825638
0.5,100,0.02,0.02,0.02,5000,0.65,0.08428006929,1.18644251916,0.49634478441
0.5,100,0.02,0.02,0.02,10000,0.91,0.08550547536,1.18745867694,0.49576542858
0.5,100,0.02,0.02,0.05,1000,0.34,0.17681396593,1.00233691212,0.49462440849
0.5,100,0.02,0.02,0.05,2000,0.46,0.17345476319,1.00653086608,0.49604660768
0.5,100,0.02,0.02,0.05,3000,0.68,0.17213878281,1.00574124519,0.495825638
0.5,100,0.02,0.02,0.05,5000,0.9,0.17091349557,1.01092742184,0.49634478441
0.5,100,0.02,0.02,0.05,10000,0.98,0.17150532172,1.01315729468,0.49576542858
0.5,100,0.02,0.02,0.1,1000,0.35,0.27261204302,0.85266988322,0.49462440849
0.5,100,0.02,0.02,0.1,2000,0.63,0.28196519302,0.85726505809,0.49604660768
0.5,100,0.02,0.02,0.1,3000,0.86,0.28409529699,0.85689827161,0.495825638
0.5,100,0.02,0.02,0.1,5000,0.98,0.281448591,0.86095941535,0.49634478441
0.5,100,0.02,0.02,0.1,10000,1,0.28111191792,0.86218800432,0.49576542858
0.5,100,0.03,0.005,0.02,1000,0.5,0.34674600543,1.13403049281,0.49462440849
0.5,100,0.03,0.005,0.02,2000,0.78,0.34932363864,1.12773097579,0.49604660768
0.5,100,0.03,0.005,0.02,3000,0.91,0.34412202646,1.12460851622,0.495825638
0.5,100,0.03,0.005,0.02,5000,0.99,0.34990259238,1.12808686304,0.49634478441
0.5,100,0.03,0.005,0.02,10000,1,0.34954702692,1.12900927667,0.49576542858
0.5,100,0.03,0.005,0.05,1000,0.63,0.51488119515,0.98079462719,0.49462440849
0.5,100,0.03,0.005,0.05,2000,0.91,0.52572891299,0.98309788171,0.49604660768
0.5,100,0.03,0.005,0.05,3000,0.96,0.51914103343,0.98419461817,0.495825638
0.5,100,0.03,0.005,0.05,5000,1,0.5246935062,0.98774274382,0.49634478441
0.5,100,0.03,0.005,0.05,10000,1,0.52215988336,0.98805602775,0.49576542858
0.5,100,0.03,0.005,0.1,1000,0.68,0.66005759399,0.84178670865,0.49462440849
0.5,100,0.03,0.005,0.1,2000,0.9,0.65792512216,0.8507184691,0.49604660768
0.5,100,0.03,0.005,0.1,3000,0.99,0.65477666132,0.85059801212,0.495825638
0.5,100,0.03,0.005,0.1,5000,1,0.66336898119,0.85347211011,0.49634478441
0.5,100,0.03,0.005,0.1,10000,1,0.66634619159,0.853708098,0.49576542858
0.5,100,0.03,0.01,0.02,1000,0.27,0.18825672462,1.15852422129,0.49462440849
0.5,100,0.03,0.01,0.02,2000,0.65,0.18296376895,1.15481396316,0.49604660768
0.5,100,0.03,0.01,0.02,3000,0.84,0.18344605437,1.1524756158,0.495825638
0.5,100,0.03,0.01,0.02,5000,0.99,0.1916826381,1.15350719438,0.49634478441
0.5,100,0.03,0.01,0.02,10000,1,0.19034416347,1.15514044672,0.49576542858
0.5,100,0.03,0.01,0.05,1000,0.56,0.32431695883,0.98930684279,0.49462440849
0.5,100,0.03,0.01,0.05,2000,0.83,0.31549923172,0.99387705939,0.49604660768
0.5,100,0.03,0.01,0.05,3000,0.96,0.32208779851,0.99306372601,0.495825638
0.5,100,0.03,0.01,0.05,5000,1,0.3282417117,0.99520906769,0.49634478441
0.5,100,0.03,0.01,0.05,10000,1,0.32623552694,0.99666248765,0.49576542858
0.5,100,0.03,0.01,0.1,1000,0.63,0.46387235652,0.84545596491,0.49462440849
0.5,100,0.03,0.01,0.1,2000,0.9,0.45885240422,0.85048788842,0.49604660768
0.5,100,0.03,0.01,0.1,3000,0.99,0.46714785146,0.85068763456,0.495825638
0.5,100,0.03,0.01,0.1,5000,1,0.4725594575,0.85334265484,0.49634478441
0.5,100,0.03,0.01,0.1,10000,1,0.47235888896,0.85418879506,0.49576542858
0.5,100,0.03,0.02,0.02,1000,0.31,0.11123195037,1.17098738263,0.49462440849
0.5,100,0.03,0.02,0.02,2000,0.42,0.10953833126,1.16745462584,0.49604660768
0.5,100,0.03,0.02,0.02,3000,0.66,0.10993088431,1.16259785716,0.495825638
0.5,100,0.03,0.02,0.02,5000,0.88,0.10958168467,1.17015367632,0.49634478441
0.5,100,0.03,0.02,0.02,10000,1,0.11049847159,1.17313289886,0.49576542858
0.5,100,0.03,0.02,0.05,1000,0.43,0.21331508182,0.99490095622,0.49462440849
0.5,100,0.03,0.02,0.05,2000,0.69,0.21433794119,0.99987007346,0.49604660768
0.5,100,0.03,0.02,0.05,3000,0.92,0.21558052376,0.99649418882,0.495825638
0.5,100,0.03,0.02,0.05,5000,0.97,0.21345330049,1.00230339466,0.49634478441
0.5,100,0.03,0.02,0.05,10000,1,0.21323502379,1.0046841399,0.49576542858
0.5,100,0.03,0.02,0.1,1000,0.57,0.32744135724,0.8486960699,0.49462440849
0.5,100,0.03,0.02,0.1,2000,0.82,0.33647690622,0.85285737713,0.49604660768
0.5,100,0.03,0.02,0.1,3000,0.95,0.33748526763,0.85253354472,0.495825638
0.5,100,0.03,0.02,0.1,5000,1,0.33510893933,0.85645803301,0.49634478441
0.5,100,0.03,0.02,0.1,10000,1,0.3358163847,0.85769388789,0.49576542858
0.5,100,0.05,0.005,0.02,1000,0.81,0.53222313565,1.0466696088,0.49462440849
0.5,100,0.05,0.005,0.02,2000,0.97,0.54064880547,1.04174320608,0.49604660768
0.5,100,0.05,0.005,0.02,3000,1,0.5324897775,1.0412256779,0.495825638
0.5,100,0.05,0.005,0.02,5000,1,0.54347863557,1.04303433216,0.49634478441
0.5,100,0.05,0.005,0.02,10000,1,0.54082196258,1.03946042492,0.49576542858
0.5,100,0.05,0.005,0.05,1000,0.91,0.71305293239,0.95069614039,0.49462440849
0.5,100,0.05,0.005,0.05,2000,0.98,0.71016333264,0.95824888739,0.49604660768
0.5,100,0.05,0.005,0.05,3000,1,0.71009945083,0.95602060896,0.495825638
0.5,100,0.05,0.005,0.05,5000,1,0.71160527711,0.95976979241,0.49634478441
0.5,100,0.05,0.005,0.05,10000,1,0.71465784658,0.9590622164,0.49576542858
0.5,100,0.05,0.005,0.1,1000,0.9,0.84023498357,0.83268334556,0.49462440849
0.5,100,0.05,0.005,0.1,2000,0.97,0.84164902635,0.8393722364,0.49604660768
0.5,100,0.05,0.005,0.1,3000,1,0.83749486578,0.84027935415,0.495825638
0.5,100,0.05,0.005,0.1,5000,1,0.83415015047,0.84481245844,0.49634478441
0.5,100,0.05,0.005,0.1,10000,1,0.83150915476,0.84569178166,0.49576542858
0.5,100,0.05,0.01,0.02,1000,0.6,0.27950440491,1.10640523808,0.49462440849
0.5,100,0.05,0.01,0.02,2000,0.92,0.27989794813,1.09763980091,0.49604660768
0.5,100,0.05,0.01,0.02,3000,0.99,0.28285458705,1.09195863771,0.495825638
0.5,100,0.05,0.01,0.02,5000,1,0.29031369416,1.09263597474,0.49634478441
0.5,100,0.05,0.01,0.02,10000,1,0.29010491078,1.09183230237,0.49576542858
0.5,100,0.05,0.01,0.05,1000,0.83,0.45298619887,0.96341525484,0.49462440849
0.5,100,0.05,0.01,0.05,2000,1,0.44720178567,0.96964322318,0.49604660768
0.5,100,0.05,0.01,0.05,3000,1,0.45505364303,0.9662214945,0.495825638
0.5,100,0.05,0.01,0.05,5000,1,0.46065173077,0.96665497222,0.49634478441
0.5,100,0.05,0.01,0.05,10000,1,0.4624280163,0.96695610835,0.49576542858
0.5,100,0.05,0.01,0.1,1000,0.88,0.60571185547,0.8345500546,0.49462440849
0.5,100,0.05,0.01,0.1,2000,0.99,0.60204848972,0.83847290073,0.49604660768
0.5,100,0.05,0.01,0.1,3000,0.99,0.60640464539,0.83978161294,0.495825638
0.5,100,0.05,0.01,0.1,5000,1,0.61148761583,0.84233472514,0.49634478441
0.5,100,0.05,0.01,0.1,10000,1,0.61312900553,0.84331742694,0.49576542858
0.5,100,0.05,0.02,0.02,1000,0.46,0.16086219488,1.13068398563,0.49462440849
0.5,100,0.05,0.02,0.02,2000,0.83,0.16023903777,1.12628660732,0.49604660768
0.5,100,0.05,0.02,0.02,3000,0.93,0.15961110655,1.12413986804,0.495825638
0.5,100,0.05,0.02,0.02,5000,1,0.15786806674,1.13157019359,0.49634478441
0.5,100,0.05,0.02,0.02,10000,1,0.15987630713,1.13067711265,0.49576542858
0.5,100,0.05,0.02,0.05,1000,0.69,0.28441501648,0.97993775221,0.49462440849
0.5,100,0.05,0.02,0.05,2000,0.92,0.29015922729,0.97826833665,0.49604660768
0.5,100,0.05,0.02,0.05,3000,0.99,0.29205000138,0.97470104926,0.495825638
0.5,100,0.05,0.02,0.05,5000,1,0.28826694928,0.98120839092,0.49634478441
0.5,100,0.05,0.02,0.05,10000,1,0.28868779309,0.98242079103,0.49576542858
0.5,100,0.05,0.02,0.1,1000,0.8,0.41853614642,0.84066057058,0.49462440849
0.5,100,0.05,0.02,0.1,2000,0.97,0.43159934268,0.84244533531,0.49604660768
0.5,100,0.05,0.02,0.1,3000,1,0.43138571232,0.84303651166,0.495825638
0.5,100,0.05,0.02,0.1,5000,1,0.4328187208,0.8455739458,0.49634478441
0.5,100,0.05,0.02,0.1,10000,1,0.4315361572,0.84714633375,0.49576542858
0.5,100,0.1,0.005,0.02,1000,0.98,0.85751120736,0.82717909636,0.49462440849
0.5,100,0.1,0.005,0.02,2000,1,0.85606711549,0.8329927328,0.49604660768
0.5,100,0.1,0.005,0.02,3000,1,0.85829352111,0.83282025406,0.495825638
0.5,100,0.1,0.005,0.02,5000,1,0.85479650182,0.84485109951,0.49634478441
0.5,100,0.1,0.005,0.02,10000,1,0.85185164775,0.84402721353,0.49576542858
0.5,100,0.1,0.005,0.05,1000,0.98,0.94829202865,0.90793629312,0.49462440849
0.5,100,0.1,0.005,0.05,2000,1,0.94645970989,0.9159144642,0.49604660768
0.5,100,0.1,0.005,0.05,3000,1,0.94327938283,0.91710117952,0.495825638
0.5,100,0.1,0.005,0.05,5000,1,0.94503374196,0.92048165011,0.49634478441
0.5,100,0.1,0.005,0.05,10000,1,0.94268261167,0.91976735874,0.49576542858
0.5,100,0.1,0.005,0.1,1000,0.96,0.97639900176,0.83506798139,0.49462440849
0.5,100,0.1,0.005,0.1,2000,0.99,0.97524981173,0.84355066625,0.49604660768
0.5,100,0.1,0.005,0.1,3000,1,0.97748353283,0.84302603452,0.495825638
0.5,100,0.1,0.005,0.1,5000,1,0.97827030879,0.84671386823,0.49634478441
0.5,100,0.1,0.005,0.1,10000,1,0.97829811389,0.84777362,0.49576542858
0.5,100,0.1,0.01,0.02,1000,0.96,0.50689760097,0.89894450499,0.49462440849
0.5,100,0.1,0.01,0.02,2000,1,0.50498273404,0.89363605942,0.49604660768
0.5,100,0.1,0.01,0.02,3000,1,0.512993365,0.88473673339,0.495825638
0.5,100,0.1,0.01,0.02,5000,1,0.51689689382,0.88919510199,0.49634478441
0.5,100,0.1,0.01,0.02,10000,1,0.51971491302,0.88434299436,0.49576542858
0.5,100,0.1,0.01,0.05,1000,1,0.71982465952,0.87977560254,0.49462440849
0.5,100,0.1,0.01,0.05,2000,1,0.71079002682,0.88426464367,0.49604660768
0.5,100,0.1,0.01,0.05,3000,1,0.71123697343,0.88663960211,0.495825638
0.5,100,0.1,0.01,0.05,5000,1,0.71562744531,0.88998195915,0.49634478441
0.5,100,0.1,0.01,0.05,10000,1,0.71761816993,0.88801683734,0.49576542858
0.5,100,0.1,0.01,0.1,1000,1,0.85126100702,0.8082803165,0.49462440849
0.5,100,0.1,0.01,0.1,2000,1,0.84312415091,0.81189537619,0.49604660768
0.5,100,0.1,0.01,0.1,3000,1,0.83796277676,0.81478824928,0.495825638
0.5,100,0.1,0.01,0.1,5000,1,0.84103325426,0.81818369124,0.49634478441
0.5,100,0.1,0.01,0.1,10000,1,0.84287165034,0.81917158055,0.49576542858
0.5,100,0.1,0.02,0.02,1000,0.86,0.26541635545,1.00863698763,0.49462440849
0.5,100,0.1,0.02,0.02,2000,0.99,0.27201236699,0.98672246989,0.49604660768
0.5,100,0.1,0.02,0.02,3000,1,0.27206325791,0.98384810887,0.495825638
0.5,100,0.1,0.02,0.02,5000,1,0.27033576442,0.99226222997,0.49634478441
0.5,100,0.1,0.02,0.02,10000,1,0.27117430484,0.99374970129,0.49576542858
0.5,100,0.1,0.02,0.05,1000,0.97,0.45064134628,0.91532342486,0.49462440849
0.5,100,0.1,0.02,0.05,2000,1,0.45670619697,0.9103825247,0.49604660768
0.5,100,0.1,0.02,0.05,3000,1,0.45588411025,0.90911040689,0.495825638
0.5,100,0.1,0.02,0.05,5000,1,0.45728716589,0.9103957392,0.49634478441
0.5,100,0.1,0.02,0.05,10000,1,0.45629465724,0.91019799313,0.49576542858
0.5,100,0.1,0.02,0.1,1000,0.98,0.60749530178,0.80894847323,0.49462440849
0.5,100,0.1,0.02,0.1,2000,1,0.60916113894,0.81504424078,0.49604660768
0.5,100,0.1,0.02,0.1,3000,1,0.61034690294,0.81360420418,0.495825638
0.5,100,0.1,0.02,0.1,5000,1,0.61476977826,0.81553019671,0.49634478441
0.5,100,0.1,0.02,0.1,10000,1,0.61783078437,0.81528326801,0.49576542858
